[{"model": "user.cart", "pk": 71, "fields": {"user": 1, "product": 14, "quantity": 2, "added_at": "2025-04-22T15:29:02.527Z", "uuid": "7d48fa11-dc36-4a5b-a034-83aee2f40304"}}, {"model": "user.cart", "pk": 75, "fields": {"user": 6, "product": 8, "quantity": 2, "added_at": "2025-06-04T19:32:43.350Z", "uuid": "c9dc43cb-44b8-46d2-8099-876b19d92ee2"}}, {"model": "user.wishlist", "pk": 3, "fields": {"user": 6, "product": 8, "added_at": "2025-03-27T01:36:21.668Z", "uuid": "ac592374-24d0-4c42-aae6-d56d8589092e"}}, {"model": "user.wishlist", "pk": 4, "fields": {"user": 1, "product": 9, "added_at": "2025-04-08T11:16:22.491Z", "uuid": "d1c97ac9-72dc-43e7-9cf0-ea38b6a3e624"}}, {"model": "user.wishlist", "pk": 5, "fields": {"user": 1, "product": 8, "added_at": "2025-04-08T11:37:51.393Z", "uuid": "2ba6055b-3daa-428a-a0dd-8c47d0813f77"}}, {"model": "user.wishlist", "pk": 6, "fields": {"user": 9, "product": 9, "added_at": "2025-04-18T17:05:19.909Z", "uuid": "beb936ef-021f-4afb-ad1b-94f9825e9e4b"}}, {"model": "user.cartdeliverymethod", "pk": 1, "fields": {"user": 3, "method": "delivery", "added_at": "2025-03-20T11:45:17.882Z"}}, {"model": "user.cartdeliverymethod", "pk": 2, "fields": {"user": 3, "method": "delivery", "added_at": "2025-03-20T11:46:07.431Z"}}, {"model": "user.cartdeliverymethod", "pk": 3, "fields": {"user": 3, "method": "delivery", "added_at": "2025-03-20T11:47:14.803Z"}}, {"model": "user.cartdeliverymethod", "pk": 4, "fields": {"user": 6, "method": "delivery", "added_at": "2025-03-22T14:36:54.687Z"}}, {"model": "user.cartdeliverymethod", "pk": 5, "fields": {"user": 1, "method": "delivery", "added_at": "2025-04-08T10:45:41.365Z"}}, {"model": "user.cartdeliverymethod", "pk": 6, "fields": {"user": 9, "method": "delivery", "added_at": "2025-04-18T17:17:40.718Z"}}, {"model": "user.cartdeliveryaddress", "pk": 1, "fields": {"user": 3, "address_type": "residential", "house_no": "44", "street": "fortuna", "complex_name": "kwena heights", "area": "bedworthpark", "notes": "corner house", "instutition": "vut", "block": "T", "venue": "101", "timestamp": "2025-03-21T16:29:56.673Z"}}, {"model": "user.cartdeliveryaddress", "pk": 2, "fields": {"user": 6, "address_type": "residential", "house_no": "35", "street": "Demeter", "complex_name": "MKings", "area": "bedworthpark", "notes": "wait outside", "instutition": null, "block": null, "venue": null, "timestamp": "2025-03-22T14:37:26.431Z"}}, {"model": "user.cartdeliveryaddress", "pk": 3, "fields": {"user": 9, "address_type": "campus", "house_no": null, "street": null, "complex_name": null, "area": null, "notes": "im siting at the bench", "instutition": "vut", "block": "T", "venue": "101", "timestamp": "2025-04-18T17:28:42.046Z"}}, {"model": "user.cartdeliveryaddress", "pk": 4, "fields": {"user": 1, "address_type": "campus", "house_no": null, "street": null, "complex_name": null, "area": null, "notes": "", "instutition": "vut", "block": "T", "venue": "101", "timestamp": "2025-04-20T15:23:52.177Z"}}, {"model": "seller.businessinformation", "pk": 5, "fields": {"name": "sixskies", "business_type": "partnership", "description": "we own this", "registration_number": "123456789", "category": "food", "phone": "0641489327", "telephone": null, "email": "sixskies25@gmail.com", "owner": 3, "open_time": "06:00 AM", "close_time": "08:00 PM", "date_created": "2025-03-13T19:05:17Z", "status": "approved", "account_code": "ACCT_dmi9jzou4maimox", "open_orders": false, "image": "default_business.png", "uuid": "e012d85c-733c-4e3c-9bb1-4796424bbb21", "slug": "sixskies"}}, {"model": "seller.businessinformation", "pk": 24, "fields": {"name": "jeffs kitchen", "business_type": "partnership", "description": "i make fast food", "registration_number": "1234567899", "category": "food", "phone": "0645489327", "telephone": null, "email": "221649921@edu.vut.ac.za", "owner": 6, "open_time": "06:51", "close_time": "04:51", "date_created": "2025-03-14T15:58:56.168Z", "status": "approved", "account_code": "ACCT_dmi9jzou4maimox", "open_orders": true, "image": "default_business.png", "uuid": "e78581a7-efea-42f6-b1ff-29f5c1ac0cee", "slug": "jeffs-kitchen"}}, {"model": "seller.businessinformation", "pk": 26, "fields": {"name": "sixskies 2.0", "business_type": "partnership", "description": "fgdjgtdrdtctvjygfvftygvfj ty", "registration_number": "54664567467854", "category": "food", "phone": "76576576555", "telephone": null, "email": "sixskies25@gmail.com", "owner": 1, "open_time": "08:00", "close_time": "20:00", "date_created": "2025-04-08T10:52:39.137Z", "status": "approved", "account_code": "ACCT_dmi9jzou4maimox", "open_orders": false, "image": "default_business.png", "uuid": "60ec90c2-afce-479b-b314-3345aead041b", "slug": "sixskies-20"}}, {"model": "seller.businessinformation", "pk": 54, "fields": {"name": "Onalenna's kitchen", "business_type": "partnership", "description": "Sells baked goodies and a variety of coffee drinks in a relaxed atmosphere", "registration_number": "98086", "category": "food", "phone": "0662658784", "telephone": null, "email": "onalennahamese07@gmail.com", "owner": 9, "open_time": "09:00", "close_time": "21:00", "date_created": "2025-04-18T14:40:58.549Z", "status": "approved", "account_code": "ACCT_dmi9jzou4maimox", "open_orders": false, "image": "default_business.png", "uuid": "1bd743da-b034-4ab2-8ad9-d62447005797", "slug": "onalennas-kitchen"}}, {"model": "seller.businessinformation", "pk": 55, "fields": {"name": "Ona's kitchen", "business_type": "corporation", "description": "ghghf", "registration_number": "98086", "category": "food", "phone": "0662658784", "telephone": null, "email": "onalennahamese07@gmail.com", "owner": 9, "open_time": "18:39", "close_time": "23:39", "date_created": "2025-04-18T16:39:54.873Z", "status": "pending", "account_code": "ACCT_dmi9jzou4maimox", "open_orders": false, "image": "default_business.png", "uuid": "29689237-bf38-4b90-83f7-f4cc3fd6a339", "slug": "onas-kitchen"}}, {"model": "seller.businessinformation", "pk": 56, "fields": {"name": "Ona's kitchen", "business_type": "corporation", "description": "ghghf", "registration_number": "98086", "category": "food", "phone": "0662658784", "telephone": null, "email": "onalennahamese07@gmail.com", "owner": 9, "open_time": "18:39", "close_time": "23:39", "date_created": "2025-04-18T16:40:55.926Z", "status": "pending", "account_code": "ACCT_dmi9jzou4maimox", "open_orders": false, "image": "default_business.png", "uuid": "78378195-99bd-43ff-a64b-0db86332182c", "slug": "onas-kitchen"}}, {"model": "seller.businessinformation", "pk": 57, "fields": {"name": "Ona's kitchen", "business_type": "partnership", "description": "mnmn", "registration_number": "98086", "category": "food", "phone": "0662658784", "telephone": null, "email": "onalennahamese07@gmail.com", "owner": 10, "open_time": "08:27", "close_time": "23:27", "date_created": "2025-04-18T21:27:50.878Z", "status": "pending", "account_code": "ACCT_dmi9jzou4maimox", "open_orders": false, "image": "default_business.png", "uuid": "89628dd1-e3e5-4af8-bbdc-9f80f0834672", "slug": "onas-kitchen"}}, {"model": "seller.address", "pk": 5, "fields": {"business": 5, "address_line_1": "44 fortuna ave", "address_line_2": "bedworhtpark", "suburb": "vaal", "city": "vereeniging", "province": "gauteng", "postal_code": "1939", "latitude": null, "longitude": null, "address_type": "technology", "created_at": "2025-03-13T19:05:17.348Z", "updated_at": "2025-03-14T15:11:11.014Z"}}, {"model": "seller.address", "pk": 23, "fields": {"business": 24, "address_line_1": "44 fortuna street", "address_line_2": "bedworth park", "suburb": "vereeniging", "city": "vaal", "province": "Gauteng", "postal_code": "1934", "latitude": null, "longitude": null, "address_type": "technology", "created_at": "2025-03-14T15:58:56.195Z", "updated_at": "2025-03-14T16:27:43.602Z"}}, {"model": "seller.address", "pk": 25, "fields": {"business": 26, "address_line_1": "44 fortuna street", "address_line_2": "bedworth park", "suburb": "veriniging", "city": "vereniging", "province": "gauteng", "postal_code": "1414", "latitude": null, "longitude": null, "address_type": "technology", "created_at": "2025-04-08T10:52:39.158Z", "updated_at": "2025-04-08T10:52:42.987Z"}}, {"model": "seller.address", "pk": 53, "fields": {"business": 54, "address_line_1": "909", "address_line_2": "bedworth", "suburb": "polokwane", "city": "polokwane", "province": "Limpopo", "postal_code": "0699", "latitude": null, "longitude": null, "address_type": "food", "created_at": "2025-04-18T14:40:58.565Z", "updated_at": "2025-04-18T14:41:01.671Z"}}, {"model": "seller.address", "pk": 54, "fields": {"business": 55, "address_line_1": "909", "address_line_2": "bedworth", "suburb": "polokwane", "city": "polokwane", "province": "Limpopo", "postal_code": "0699", "latitude": null, "longitude": null, "address_type": "technology", "created_at": "2025-04-18T16:39:54.886Z", "updated_at": "2025-04-18T16:39:58.880Z"}}, {"model": "seller.address", "pk": 55, "fields": {"business": 56, "address_line_1": "909", "address_line_2": "bedworth", "suburb": "polokwane", "city": "polokwane", "province": "Limpopo", "postal_code": "0699", "latitude": null, "longitude": null, "address_type": "technology", "created_at": "2025-04-18T16:40:55.947Z", "updated_at": "2025-04-18T16:40:59.715Z"}}, {"model": "seller.address", "pk": 56, "fields": {"business": 57, "address_line_1": "909", "address_line_2": "bedworth", "suburb": "polokwane", "city": "polokwane", "province": "Limpopo", "postal_code": "0699", "latitude": null, "longitude": null, "address_type": "technology", "created_at": "2025-04-18T21:27:50.894Z", "updated_at": "2025-04-18T21:27:56.269Z"}}, {"model": "seller.moderation", "pk": 1, "fields": {"business": 5, "is_reviewed": true, "moderator": 3, "timestamp": "2025-03-18T07:41:08.780Z", "is_approved": true, "is_active": false, "is_banned": false, "is_rejected": false, "status": "approved", "reason": "missing telephone \n", "uuid": "ed9c8444-5c59-42f7-839d-d8d7d29631b1"}}, {"model": "seller.moderation", "pk": 19, "fields": {"business": 24, "is_reviewed": true, "moderator": 3, "timestamp": "2025-03-18T07:41:08.780Z", "is_approved": true, "is_active": false, "is_banned": false, "is_rejected": false, "status": "approved", "reason": "You are missing telephone", "uuid": "ca000b9f-c74a-4f8b-a334-a03b8d1f25ef"}}, {"model": "seller.moderation", "pk": 21, "fields": {"business": 26, "is_reviewed": true, "moderator": 3, "timestamp": "2025-04-08T10:52:39.182Z", "is_approved": true, "is_active": false, "is_banned": false, "is_rejected": false, "status": "approved", "reason": null, "uuid": "70ce3ed6-7433-44b5-9aaf-b0a01340a205"}}, {"model": "seller.moderation", "pk": 49, "fields": {"business": 54, "is_reviewed": true, "moderator": 3, "timestamp": "2025-04-18T14:40:58.574Z", "is_approved": true, "is_active": false, "is_banned": false, "is_rejected": false, "status": "approved", "reason": null, "uuid": "16f22cd9-519b-483d-a271-d1b79f6ddd74"}}, {"model": "seller.moderation", "pk": 50, "fields": {"business": 55, "is_reviewed": false, "moderator": 3, "timestamp": "2025-04-18T16:39:54.899Z", "is_approved": false, "is_active": false, "is_banned": false, "is_rejected": false, "status": "pending", "reason": null, "uuid": "87fe7962-243e-413d-84cb-e23dc62d9a20"}}, {"model": "seller.moderation", "pk": 51, "fields": {"business": 56, "is_reviewed": false, "moderator": 3, "timestamp": "2025-04-18T16:40:55.963Z", "is_approved": false, "is_active": false, "is_banned": false, "is_rejected": false, "status": "pending", "reason": null, "uuid": "04fb83ca-7f6d-43e7-9f95-2d5cb6f02f1a"}}, {"model": "seller.moderation", "pk": 52, "fields": {"business": 57, "is_reviewed": false, "moderator": 3, "timestamp": "2025-04-18T21:27:50.916Z", "is_approved": false, "is_active": false, "is_banned": false, "is_rejected": false, "status": "pending", "reason": null, "uuid": "ae1ad336-6fcf-4107-94a7-581a2711505e"}}, {"model": "seller.product", "pk": 5, "fields": {"business": 24, "name": "chips", "category": "Food", "price": "35.00", "quantity": 20, "description": "<p><strong>Why You'll Love It:</strong></p><ul><li>Fresh, high-quality ingredients</li><li>Perfectly balanced flavors</li><li>Made to order and served hot</li></ul><p><br></p><p><strong>What’s Inside:</strong></p><p>• <strong>Main Item: </strong>[Describe the core product]</p><p>• <strong>Accompaniments: </strong>[List included sides or sauces]</p><p>• <strong>Customization Options: </strong>[Mention available add-ons]</p><p><br></p><p><strong>Quality Assurance:</strong></p><p>We ensure premium quality with fresh ingredients and careful preparation.</p>", "small_description": null, "status": "rejected", "is_flagged": false, "sales": 0, "timestamp": "2025-03-18T08:04:17.025Z", "image": "", "uuid": "3913535b-6f78-4fe5-beda-1c3794561557", "slug": "chips"}}, {"model": "seller.product", "pk": 8, "fields": {"business": 24, "name": "Chopped Qaurter Chicken", "category": "Plate", "price": "50.00", "quantity": 36, "description": "<p><strong>Why You'll Love It:</strong></p><ul><li>Fresh, high-quality ingredients</li><li>Perfectly balanced flavors</li><li>Made to order and served hot</li></ul><p><br></p><p><strong>What’s Inside:</strong></p><p>• <strong>Main Item: </strong>[Describe the core product]</p><p>• <strong>Accompaniments: </strong>[List included sides or sauces]</p><p>• <strong>Customization Options: </strong>[Mention available add-ons]</p><p><br></p><p><strong>Quality Assurance:</strong></p><p>We ensure premium quality with fresh ingredients and careful preparation.</p>", "small_description": "", "status": "active", "is_flagged": false, "sales": 0, "timestamp": "2025-03-25T16:23:16.019Z", "image": "uploads/plate.jpeg", "uuid": "7b34685d-f135-4c56-82b4-7c86bef1c182", "slug": "chopped-qaurter-chicken"}}, {"model": "seller.product", "pk": 9, "fields": {"business": 24, "name": "double Beef patty kota", "category": "Kota", "price": "37.00", "quantity": 39, "description": "<p><strong>Why You'll Love It:</strong></p><ul><li>Fresh, high-quality ingredients</li><li>Perfectly balanced flavors</li><li>Made to order and served hot</li></ul><p><br></p><p><strong>What’s Inside:</strong></p><p>• <strong>Main Item: </strong>[Describe the core product]</p><p>• <strong>Accompaniments: </strong>[List included sides or sauces]</p><p>• <strong>Customization Options: </strong>[Mention available add-ons]</p><p><br></p><p><strong>Quality Assurance:</strong></p><p>We ensure premium quality with fresh ingredients and careful preparation.</p>", "small_description": "", "status": "active", "is_flagged": false, "sales": 0, "timestamp": "2025-03-25T16:29:11.022Z", "image": "uploads/images.jpeg", "uuid": "6e95d4cc-7b37-486e-b1a5-73919542ac28", "slug": "double-beef-patty-kota"}}, {"model": "seller.product", "pk": 10, "fields": {"business": 24, "name": "single Beef patty kota", "category": "Kota", "price": "27.00", "quantity": 40, "description": "<p><strong>Why You'll Love It:</strong></p><ul><li>Fresh, high-quality ingredients</li><li>Perfectly balanced flavors</li><li>Made to order and served hot</li></ul><p><br></p><p><strong>What’s Inside:</strong></p><p>• <strong>Main Item: </strong>[Describe the core product]</p><p>• <strong>Accompaniments: </strong>[List included sides or sauces]</p><p>• <strong>Customization Options: </strong>[Mention available add-ons]</p><p><br></p><p><strong>Quality Assurance:</strong></p><p>We ensure premium quality with fresh ingredients and careful preparation.</p>", "small_description": "", "status": "active", "is_flagged": false, "sales": 0, "timestamp": "2025-03-25T16:29:47.578Z", "image": "uploads/cheese.jpeg", "uuid": "4abf713e-2964-496f-a905-633ea09ed7af", "slug": "single-beef-patty-kota"}}, {"model": "seller.product", "pk": 11, "fields": {"business": 24, "name": "1/4 Fried Chikcen with papa", "category": "Plate", "price": "55.00", "quantity": 40, "description": "<p><strong>Why You'll Love It:</strong></p><ul><li>Fresh, high-quality ingredients</li><li>Perfectly balanced flavors</li><li>Made to order and served hot</li></ul><p><br></p><p><strong>What’s Inside:</strong></p><p>• <strong>Main Item: </strong>[Describe the core product]</p><p>• <strong>Accompaniments: </strong>[List included sides or sauces]</p><p>• <strong>Customization Options: </strong>[Mention available add-ons]</p><p><br></p><p><strong>Quality Assurance:</strong></p><p>We ensure premium quality with fresh ingredients and careful preparation.</p>", "small_description": "", "status": "active", "is_flagged": false, "sales": 0, "timestamp": "2025-03-25T16:30:48.028Z", "image": "uploads/plate2.jpeg", "uuid": "4e2d1458-3942-45e7-9f53-c8c73905271e", "slug": "14-fried-chikcen-with-papa"}}, {"model": "seller.product", "pk": 12, "fields": {"business": 26, "name": "kota", "category": "Kota", "price": "30.00", "quantity": 20, "description": "<p><strong>Why You'll Love It:</strong></p><ul><li>Fresh, high-quality ingredients</li><li>Perfectly balanced flavors</li><li>Made to order and served hot</li></ul><p><br></p><p><strong>What’s Inside:</strong></p><p>• <strong>Main Item: </strong>[Describe the core product]</p><p>• <strong>Accompaniments: </strong>[List included sides or sauces]</p><p>• <strong>Customization Options: </strong>[Mention available add-ons]</p><p><br></p><p><strong>Quality Assurance:</strong></p><p>We ensure premium quality with fresh ingredients and careful preparation.</p>", "small_description": "", "status": "active", "is_flagged": false, "sales": 0, "timestamp": "2025-04-08T15:57:09.847Z", "image": "uploads/images_XqjyAfQ.jpeg", "uuid": "52aae791-ac30-40fa-8269-cbf5d95a73a8", "slug": "kota"}}, {"model": "seller.product", "pk": 13, "fields": {"business": 54, "name": "skhambane", "category": "Kota", "price": "56.00", "quantity": 20, "description": "<p><strong>Why You'll Love It:</strong></p><ul><li>ewtertgreougnuoe</li><li>ergnelrjgen lerjng </li><li>Made to order and served hot</li></ul><p><br></p><p><strong>What’s Inside:</strong></p><p>• <strong>Main Item: </strong>[Describe the core product]</p><p>• <strong>Accompaniments: </strong>[List included sides or sauces]</p><p>• <strong>Customization Options: </strong>[Mention available add-ons]</p><p><br></p><p><strong>Quality Assurance:</strong></p><p>We ensure premium quality with fresh ingredients and careful preparation.</p>", "small_description": "", "status": "active", "is_flagged": false, "sales": 0, "timestamp": "2025-04-18T17:20:58.758Z", "image": "uploads/Screenshot_2024-09-13_101327.png", "uuid": "75e65c78-beec-40c7-a65f-6384f8937061", "slug": "skhambane"}}, {"model": "seller.product", "pk": 14, "fields": {"business": 26, "name": "big kota", "category": "Kota", "price": "54.00", "quantity": 7, "description": "<p><strong>Why You'll Love It:</strong></p><ul><li>Fresh, high-quality ingredients</li><li>Perfectly balanced flavors</li><li>Made to order and served hot</li></ul><p><br></p><p><strong>What’s Inside:</strong></p><p>• <strong>Main Item: </strong>[Describe the core product]</p><p>• <strong>Accompaniments: </strong>[List included sides or sauces]</p><p>• <strong>Customization Options: </strong>[Mention available add-ons]</p><p><br></p><p><strong>Quality Assurance:</strong></p><p>We ensure premium quality with fresh ingredients and careful preparation.</p>", "small_description": "chips, french, lettuce, frech", "status": "active", "is_flagged": false, "sales": 0, "timestamp": "2025-04-21T16:24:04.025Z", "image": "uploads/onecartdiscovery_9MBgUoE.jpg", "uuid": "127f90ef-c343-41c5-8c3f-c931bc97506a", "slug": "big-kota"}}, {"model": "seller.productmoderation", "pk": 5, "fields": {"product": 5, "moderator": 3, "timestamp": "2025-03-18T08:04:17.049Z", "is_reviewed": true, "is_approved": false, "is_active": false, "is_banned": false, "is_rejected": true, "status": "rejected", "reason": "unreasonable pricing", "uuid": "b3dfa145-cb2e-4998-9fa6-cf328c822b80"}}, {"model": "seller.productmoderation", "pk": 8, "fields": {"product": 8, "moderator": 3, "timestamp": "2025-03-25T16:23:16.045Z", "is_reviewed": true, "is_approved": true, "is_active": false, "is_banned": false, "is_rejected": false, "status": "approved", "reason": null, "uuid": "0c6981a6-97ba-4875-80b3-951f628a0cfe"}}, {"model": "seller.productmoderation", "pk": 9, "fields": {"product": 9, "moderator": 3, "timestamp": "2025-03-25T16:29:11.039Z", "is_reviewed": true, "is_approved": true, "is_active": false, "is_banned": false, "is_rejected": false, "status": "approved", "reason": null, "uuid": "77a21b84-4c1c-43d2-a137-0828bb98cbd3"}}, {"model": "seller.productmoderation", "pk": 10, "fields": {"product": 10, "moderator": 3, "timestamp": "2025-03-25T16:29:47.599Z", "is_reviewed": true, "is_approved": true, "is_active": false, "is_banned": false, "is_rejected": false, "status": "approved", "reason": null, "uuid": "465841ce-19f6-4f71-a5cc-e8dde06bf319"}}, {"model": "seller.productmoderation", "pk": 11, "fields": {"product": 11, "moderator": 3, "timestamp": "2025-03-25T16:30:48.048Z", "is_reviewed": true, "is_approved": true, "is_active": false, "is_banned": false, "is_rejected": false, "status": "approved", "reason": null, "uuid": "a842daf9-4f48-43b8-9077-9d8d59943f37"}}, {"model": "seller.productmoderation", "pk": 12, "fields": {"product": 12, "moderator": 3, "timestamp": "2025-04-08T15:57:09.975Z", "is_reviewed": true, "is_approved": true, "is_active": false, "is_banned": false, "is_rejected": false, "status": "approved", "reason": null, "uuid": "99a242ac-cc38-47ec-96fe-68ad77df419c"}}, {"model": "seller.productmoderation", "pk": 13, "fields": {"product": 13, "moderator": 3, "timestamp": "2025-04-18T17:20:58.784Z", "is_reviewed": true, "is_approved": true, "is_active": false, "is_banned": false, "is_rejected": false, "status": "approved", "reason": null, "uuid": "0068a0cd-7068-4c5e-ae97-5b15abdbf0ef"}}, {"model": "seller.productmoderation", "pk": 14, "fields": {"product": 14, "moderator": 3, "timestamp": "2025-04-21T16:24:05.245Z", "is_reviewed": true, "is_approved": true, "is_active": false, "is_banned": false, "is_rejected": false, "status": "approved", "reason": null, "uuid": "c182aed5-7c85-4397-8191-9d054d21251d"}}, {"model": "seller.recentactivity", "pk": 6, "fields": {"product": 5, "activity": "Added", "timestamp": "2025-03-18T08:04:17.070Z", "business": 24, "uuid": "cfe22dbd-03af-46c3-ab20-5da4d6256fd1"}}, {"model": "seller.recentactivity", "pk": 11, "fields": {"product": 8, "activity": "Added", "timestamp": "2025-03-25T16:23:16.066Z", "business": 24, "uuid": "3292e033-4258-4c93-b1d6-6de4ff811537"}}, {"model": "seller.recentactivity", "pk": 14, "fields": {"product": 9, "activity": "Added", "timestamp": "2025-03-25T16:29:11.053Z", "business": 24, "uuid": "3ed720fe-7fed-4e33-8ed3-b6fd874e8eec"}}, {"model": "seller.recentactivity", "pk": 15, "fields": {"product": 10, "activity": "Added", "timestamp": "2025-03-25T16:29:47.616Z", "business": 24, "uuid": "b7d1fe04-dc9f-435c-8649-3e00c4bf8a47"}}, {"model": "seller.recentactivity", "pk": 16, "fields": {"product": 11, "activity": "Added", "timestamp": "2025-03-25T16:30:48.063Z", "business": 24, "uuid": "4e4a22c8-eb13-4c45-99d2-06451cca9089"}}, {"model": "seller.recentactivity", "pk": 18, "fields": {"product": 12, "activity": "Added", "timestamp": "2025-04-08T15:57:10Z", "business": 26, "uuid": "e043c3b8-1f87-47b6-bfb4-77180a7fe817"}}, {"model": "seller.recentactivity", "pk": 19, "fields": {"product": 13, "activity": "Added", "timestamp": "2025-04-18T17:20:58.795Z", "business": 54, "uuid": "e844d0b5-9088-477b-9541-70b4369b0536"}}, {"model": "seller.recentactivity", "pk": 20, "fields": {"product": 14, "activity": "Added", "timestamp": "2025-04-21T16:24:05.659Z", "business": 26, "uuid": "ad97f719-37ab-4391-8c64-d8d8ae71d738"}}, {"model": "seller.recentactivity", "pk": 21, "fields": {"product": 14, "activity": "Updated", "timestamp": "2025-04-22T10:00:39.616Z", "business": 26, "uuid": "b3f882b5-9a30-440e-988b-77b02b261708"}}, {"model": "seller.extras", "pk": 1, "fields": {"business": 24, "name": "cheese", "price": "3.00", "timestamp": "2025-03-16T17:29:02.454Z"}}, {"model": "seller.extras", "pk": 2, "fields": {"business": 24, "name": "Palony", "price": "2.00", "timestamp": "2025-03-16T17:29:23.488Z"}}, {"model": "seller.extras", "pk": 3, "fields": {"business": 24, "name": "Russian", "price": "15.00", "timestamp": "2025-03-16T17:29:51.007Z"}}, {"model": "seller.extras", "pk": 4, "fields": {"business": 24, "name": "Vienna", "price": "8.00", "timestamp": "2025-03-16T17:30:19.769Z"}}, {"model": "seller.extras", "pk": 5, "fields": {"business": 24, "name": "Egg", "price": "5.00", "timestamp": "2025-03-16T17:31:19.118Z"}}, {"model": "seller.extras", "pk": 6, "fields": {"business": 54, "name": "russian", "price": "15.00", "timestamp": "2025-04-18T17:23:42.360Z"}}, {"model": "seller.extras", "pk": 7, "fields": {"business": 26, "name": "Russian", "price": "15.55", "timestamp": "2025-04-22T10:02:44.938Z"}}, {"model": "seller.extras", "pk": 8, "fields": {"business": 26, "name": "cheese", "price": "3.55", "timestamp": "2025-04-22T10:03:12.527Z"}}, {"model": "seller.extras", "pk": 9, "fields": {"business": 26, "name": "palony", "price": "2.55", "timestamp": "2025-04-22T10:03:33.125Z"}}, {"model": "seller.extras", "pk": 10, "fields": {"business": 26, "name": "Fired egg", "price": "5.55", "timestamp": "2025-04-22T10:04:37.273Z"}}, {"model": "seller.addon", "pk": 3, "fields": {"business": 24, "name": "BBQ source", "timestamp": "2025-03-19T16:11:05.597Z"}}, {"model": "seller.addon", "pk": 4, "fields": {"business": 24, "name": "Mustard source", "timestamp": "2025-03-19T16:11:35.662Z"}}, {"model": "seller.addon", "pk": 5, "fields": {"business": 24, "name": "Tomato source", "timestamp": "2025-03-19T16:11:56.222Z"}}, {"model": "seller.addon", "pk": 6, "fields": {"business": 24, "name": "Chili source", "timestamp": "2025-03-19T16:15:46.353Z"}}, {"model": "seller.addon", "pk": 7, "fields": {"business": 24, "name": "Atchaar", "timestamp": "2025-03-19T16:16:05.300Z"}}, {"model": "seller.addon", "pk": 9, "fields": {"business": 54, "name": "hot source", "timestamp": "2025-04-18T17:22:59.084Z"}}, {"model": "seller.addon", "pk": 10, "fields": {"business": 54, "name": "lettuce", "timestamp": "2025-04-18T17:23:16.164Z"}}, {"model": "seller.addon", "pk": 11, "fields": {"business": 54, "name": "sliced tomatos", "timestamp": "2025-04-18T17:23:29.997Z"}}, {"model": "seller.order", "pk": 1, "fields": {"order_id": "ORD00001", "user": 3, "business": 24, "total_amount": "56.00", "delivery_method": null, "ref": "", "paid": false, "status": "Delivered", "created_at": "2025-03-22T08:58:55.040Z", "uuid": "6de69af6-bbb6-4ce7-a90b-2241f5f87c43"}}, {"model": "seller.order", "pk": 2, "fields": {"order_id": "ORD00002", "user": 3, "business": 24, "total_amount": "56.00", "delivery_method": null, "ref": "", "paid": false, "status": "Delivered", "created_at": "2025-03-22T09:07:09.953Z", "uuid": "ef36bcc8-fc9c-4215-bc55-f05fe252c3a2"}}, {"model": "seller.order", "pk": 3, "fields": {"order_id": "ORD00003", "user": 3, "business": 24, "total_amount": "56.00", "delivery_method": "six6 - pickup", "ref": "", "paid": false, "status": "Processing", "created_at": "2025-03-22T09:20:50.789Z", "uuid": "5ba17ded-bc5e-47b4-b786-9ad03a16c027"}}, {"model": "seller.order", "pk": 4, "fields": {"order_id": "ORD00004", "user": 3, "business": 24, "total_amount": "56.00", "delivery_method": "pickup", "ref": "", "paid": false, "status": "Pending", "created_at": "2025-03-22T09:22:22.279Z", "uuid": "5a624788-6f05-4d95-add0-8f2916b78228"}}, {"model": "seller.order", "pk": 5, "fields": {"order_id": "ORD00005", "user": 3, "business": 24, "total_amount": "71.00", "delivery_method": "delivery", "ref": "", "paid": false, "status": "Pending", "created_at": "2025-03-22T14:02:04.802Z", "uuid": "2434c7a1-c852-41de-bc96-0ad2df5a5b91"}}, {"model": "seller.order", "pk": 6, "fields": {"order_id": "ORD00006", "user": 3, "business": 24, "total_amount": "71.00", "delivery_method": "delivery", "ref": "", "paid": false, "status": "Pending", "created_at": "2025-03-22T14:03:00.824Z", "uuid": "cde63b08-0f6a-4503-bebb-0b9cbd605a42"}}, {"model": "seller.order", "pk": 7, "fields": {"order_id": "ORD00007", "user": 3, "business": 24, "total_amount": "71.00", "delivery_method": "delivery", "ref": "", "paid": false, "status": "Pending", "created_at": "2025-03-22T14:04:09.071Z", "uuid": "27fbe49c-fbdd-48db-b486-8a7471265ef6"}}, {"model": "seller.order", "pk": 8, "fields": {"order_id": "ORD00008", "user": 3, "business": 24, "total_amount": "71.00", "delivery_method": "delivery", "ref": "", "paid": false, "status": "Pending", "created_at": "2025-03-22T14:04:37.912Z", "uuid": "5e197df9-3169-41ce-b59d-1749c5f596fb"}}, {"model": "seller.order", "pk": 9, "fields": {"order_id": "ORD00009", "user": 3, "business": 24, "total_amount": "71.00", "delivery_method": "delivery", "ref": "", "paid": false, "status": "Processing", "created_at": "2025-03-22T14:07:57.572Z", "uuid": "105f727a-efd8-4bb0-8b8c-633b2d3dfd9f"}}, {"model": "seller.order", "pk": 10, "fields": {"order_id": "ORD00010", "user": 3, "business": 24, "total_amount": "71.00", "delivery_method": "delivery", "ref": "", "paid": false, "status": "On route", "created_at": "2025-03-22T14:07:57.927Z", "uuid": "a528d59e-1600-48a2-b443-3635883c7c11"}}, {"model": "seller.order", "pk": 11, "fields": {"order_id": "ORD00011", "user": 3, "business": 24, "total_amount": "71.00", "delivery_method": "delivery", "ref": "", "paid": false, "status": "Pending", "created_at": "2025-03-22T14:08:36.925Z", "uuid": "59270706-2f83-4d35-a697-31de4d6974de"}}, {"model": "seller.order", "pk": 12, "fields": {"order_id": "ORD00012", "user": 3, "business": 24, "total_amount": "71.00", "delivery_method": "delivery", "ref": "", "paid": false, "status": "Delivered", "created_at": "2025-03-22T14:17:38.755Z", "uuid": "ebeaa918-4d50-4c73-a308-d585f48d0722"}}, {"model": "seller.order", "pk": 13, "fields": {"order_id": "ORD00013", "user": 6, "business": 24, "total_amount": "70.00", "delivery_method": "delivery", "ref": "", "paid": false, "status": "Processing", "created_at": "2025-03-22T14:37:44.582Z", "uuid": "0bf578c6-b4d2-42e0-a8bb-33c8bfaa7354"}}, {"model": "seller.order", "pk": 14, "fields": {"order_id": "ORD00014", "user": 6, "business": 24, "total_amount": "70.00", "delivery_method": "delivery", "ref": "", "paid": false, "status": "Delivered", "created_at": "2025-03-22T14:38:25.451Z", "uuid": "77f677ba-f55d-4449-91a5-de3e6b7f6a4f"}}, {"model": "seller.order", "pk": 15, "fields": {"order_id": "ORD00015", "user": 6, "business": 24, "total_amount": "40.00", "delivery_method": "pickup", "ref": "", "paid": false, "status": "Pending", "created_at": "2025-03-22T18:18:29.086Z", "uuid": "2e38d68e-69c0-4271-8c18-bcb11f838e38"}}, {"model": "seller.order", "pk": 16, "fields": {"order_id": "ORD00016", "user": 6, "business": 24, "total_amount": "65.00", "delivery_method": "pickup", "ref": "", "paid": false, "status": "Pending", "created_at": "2025-03-23T16:16:23.019Z", "uuid": "e7829ca5-4136-4416-b2e8-29f50fc98a5f"}}, {"model": "seller.order", "pk": 17, "fields": {"order_id": "ORD00017", "user": 6, "business": 24, "total_amount": "35.00", "delivery_method": "pickup", "ref": "", "paid": false, "status": "Pending", "created_at": "2025-03-23T19:16:47.274Z", "uuid": "9369e0b9-0748-4fd1-aa5d-a0b586dd0c07"}}, {"model": "seller.order", "pk": 18, "fields": {"order_id": "ORD00018", "user": 6, "business": 24, "total_amount": "63.00", "delivery_method": "pickup", "ref": "", "paid": false, "status": "Pending", "created_at": "2025-03-23T20:08:11.960Z", "uuid": "a0e13e67-6552-4fe8-a826-0f2b1fd1f269"}}, {"model": "seller.order", "pk": 19, "fields": {"order_id": "ORD00019", "user": 6, "business": 24, "total_amount": "63.00", "delivery_method": "pickup", "ref": "", "paid": false, "status": "Pending", "created_at": "2025-03-23T20:08:48.249Z", "uuid": "61b32977-bc15-4826-8074-0b8aeb72240f"}}, {"model": "seller.order", "pk": 20, "fields": {"order_id": "ORD00020", "user": 6, "business": 24, "total_amount": "48.00", "delivery_method": "pickup", "ref": "", "paid": false, "status": "Pending", "created_at": "2025-03-23T20:22:47.259Z", "uuid": "1f39aec9-e897-42df-9a63-078949dcd35e"}}, {"model": "seller.order", "pk": 21, "fields": {"order_id": "ORD00021", "user": 6, "business": 24, "total_amount": "48.00", "delivery_method": "pickup", "ref": "", "paid": false, "status": "Pending", "created_at": "2025-03-23T20:25:09.912Z", "uuid": "3a0f9cd1-9be4-4864-9668-e8c986c88763"}}, {"model": "seller.order", "pk": 22, "fields": {"order_id": "ORD00022", "user": 6, "business": 24, "total_amount": "48.00", "delivery_method": "pickup", "ref": "", "paid": false, "status": "Pending", "created_at": "2025-03-23T20:25:17.455Z", "uuid": "30c5f971-b20f-4f67-9121-b7ed9f633cd2"}}, {"model": "seller.order", "pk": 23, "fields": {"order_id": "ORD00023", "user": 6, "business": 24, "total_amount": "48.00", "delivery_method": "pickup", "ref": "", "paid": false, "status": "Processing", "created_at": "2025-03-23T20:26:07.960Z", "uuid": "1cf9863f-3821-4e9e-b57d-198795d7af80"}}, {"model": "seller.order", "pk": 24, "fields": {"order_id": "ORD00024", "user": 6, "business": 24, "total_amount": "48.00", "delivery_method": "pickup", "ref": "", "paid": false, "status": "Processing", "created_at": "2025-03-23T20:26:31.927Z", "uuid": "7a289a67-8b9e-4435-b1a8-d794de311931"}}, {"model": "seller.order", "pk": 25, "fields": {"order_id": "ORD00025", "user": 6, "business": 24, "total_amount": "48.00", "delivery_method": "pickup", "ref": "", "paid": false, "status": "Processing", "created_at": "2025-03-23T20:26:58.924Z", "uuid": "85e2ec53-fc8b-4f31-809c-38082c47f36d"}}, {"model": "seller.order", "pk": 26, "fields": {"order_id": "ORD00026", "user": 6, "business": 24, "total_amount": "48.00", "delivery_method": "pickup", "ref": "", "paid": false, "status": "Processing", "created_at": "2025-03-23T20:27:36.220Z", "uuid": "070671fd-82f7-409f-8f36-0bedcdf6b65a"}}, {"model": "seller.order", "pk": 27, "fields": {"order_id": "ORD00027", "user": 6, "business": 24, "total_amount": "63.00", "delivery_method": "delivery", "ref": "", "paid": false, "status": "Processing", "created_at": "2025-03-23T20:32:01.903Z", "uuid": "fbd8cef8-deca-4c54-abf0-c502022500da"}}, {"model": "seller.order", "pk": 28, "fields": {"order_id": "ORD00028", "user": 6, "business": 24, "total_amount": "63.00", "delivery_method": "delivery", "ref": "", "paid": false, "status": "Delivered", "created_at": "2025-03-23T20:35:40.852Z", "uuid": "f8909e1b-f8aa-45f5-a1d2-36c35ae2fe4a"}}, {"model": "seller.order", "pk": 29, "fields": {"order_id": "ORD00029", "user": 6, "business": 24, "total_amount": "55.00", "delivery_method": "delivery", "ref": "", "paid": false, "status": "Delivered", "created_at": "2025-03-23T21:30:45.919Z", "uuid": "e210ae86-c11e-40f9-9fc6-8473bbb45240"}}, {"model": "seller.order", "pk": 30, "fields": {"order_id": "ORD00030", "user": 6, "business": 24, "total_amount": "55.00", "delivery_method": "delivery", "ref": "", "paid": false, "status": "Delivered", "created_at": "2025-03-23T21:40:24.056Z", "uuid": "4f0a5f3b-429f-4e1b-8fb0-2d82908af9c0"}}, {"model": "seller.order", "pk": 31, "fields": {"order_id": "ORD00031", "user": 6, "business": 24, "total_amount": "58.00", "delivery_method": "delivery", "ref": "", "paid": false, "status": "Pending", "created_at": "2025-03-24T11:53:29.791Z", "uuid": "d2f8e7cd-517b-4f13-b5fb-3fb5afcbafc1"}}, {"model": "seller.order", "pk": 32, "fields": {"order_id": "ORD00032", "user": 6, "business": 24, "total_amount": "68.00", "delivery_method": "delivery", "ref": "", "paid": false, "status": "Pending", "created_at": "2025-03-24T11:55:07.826Z", "uuid": "be70c40f-091e-4d20-8f34-0e76cb3701ce"}}, {"model": "seller.order", "pk": 33, "fields": {"order_id": "ORD00033", "user": 6, "business": 24, "total_amount": "57.00", "delivery_method": "delivery", "ref": "", "paid": false, "status": "Pending", "created_at": "2025-03-24T11:57:12.460Z", "uuid": "df9c3aa4-427c-4244-8ff7-b37ff0a17526"}}, {"model": "seller.order", "pk": 34, "fields": {"order_id": "ORD00034", "user": 6, "business": 24, "total_amount": "63.00", "delivery_method": "delivery", "ref": "", "paid": false, "status": "Pending", "created_at": "2025-03-24T12:00:20.655Z", "uuid": "77040109-fa2a-4b8f-aeef-7ee517c6e0d4"}}, {"model": "seller.order", "pk": 35, "fields": {"order_id": "ORD00035", "user": 6, "business": 24, "total_amount": "83.00", "delivery_method": "delivery", "ref": "", "paid": false, "status": "Pending", "created_at": "2025-03-24T13:33:04.407Z", "uuid": "d262b553-4a3a-4a59-839b-4080bcbe82a5"}}, {"model": "seller.order", "pk": 36, "fields": {"order_id": "ORD00036", "user": 1, "business": 24, "total_amount": "43.00", "delivery_method": "pickup", "ref": "", "paid": false, "status": "Pending", "created_at": "2025-04-08T10:46:39.501Z", "uuid": "c16b8030-e370-400f-883b-062c0f78c68c"}}, {"model": "seller.order", "pk": 37, "fields": {"order_id": "ORD00037", "user": 1, "business": 24, "total_amount": "54.00", "delivery_method": "pickup", "ref": "", "paid": false, "status": "Pending", "created_at": "2025-04-08T11:17:16.227Z", "uuid": "594671d2-96bb-47aa-8392-3e1e07f43b36"}}, {"model": "seller.order", "pk": 38, "fields": {"order_id": "ORD00038", "user": 1, "business": 26, "total_amount": "45.00", "delivery_method": "delivery", "ref": "", "paid": false, "status": "Pending", "created_at": "2025-04-09T04:30:21.087Z", "uuid": "10f6bb82-9143-4836-ad10-d6b91837c00b"}}, {"model": "seller.order", "pk": 39, "fields": {"order_id": "ORD00039", "user": 1, "business": 24, "total_amount": "58.00", "delivery_method": "delivery", "ref": "", "paid": false, "status": "Pending", "created_at": "2025-04-09T04:32:26.914Z", "uuid": "d010528d-a881-4052-8404-430592d99ed6"}}, {"model": "seller.order", "pk": 40, "fields": {"order_id": "ORD00040", "user": 1, "business": 24, "total_amount": "37.00", "delivery_method": "pickup", "ref": "", "paid": false, "status": "Pending", "created_at": "2025-04-09T04:34:25.790Z", "uuid": "3d5ad934-4528-43d7-b34f-653062e5dfa6"}}, {"model": "seller.order", "pk": 41, "fields": {"order_id": "ORD00041", "user": 9, "business": 24, "total_amount": "85.00", "delivery_method": "delivery", "ref": "", "paid": false, "status": "Pending", "created_at": "2025-04-18T17:17:56.085Z", "uuid": "193566e6-8c9c-45ec-9b7c-b78379ee3eb0"}}, {"model": "seller.order", "pk": 42, "fields": {"order_id": "ORD00042", "user": 9, "business": 54, "total_amount": "86.00", "delivery_method": "delivery", "ref": "", "paid": false, "status": "On route", "created_at": "2025-04-18T17:29:19.966Z", "uuid": "60fcee1b-4288-4381-90cc-ceab8dadde0c"}}, {"model": "seller.order", "pk": 43, "fields": {"order_id": "ORD00043", "user": 1, "business": 24, "total_amount": "122.00", "delivery_method": "delivery", "ref": "", "paid": false, "status": "Pending", "created_at": "2025-04-20T15:24:01.183Z", "uuid": "f6344e07-1087-457d-9d37-20842477964b"}}, {"model": "seller.order", "pk": 49, "fields": {"order_id": "ORD00044", "user": 1, "business": 24, "total_amount": "65.00", "delivery_method": "delivery", "ref": "", "paid": false, "status": "Pending", "created_at": "2025-04-20T19:10:20.108Z", "uuid": "85c57778-5d7b-4c44-8e07-d3a0d83d4749"}}, {"model": "seller.order", "pk": 54, "fields": {"order_id": "ORD00050", "user": 1, "business": 24, "total_amount": "65.00", "delivery_method": "delivery", "ref": "xcwpvyvgda", "paid": false, "status": "Pending", "created_at": "2025-04-20T19:27:29.797Z", "uuid": "c8e55041-ad05-4a41-a777-ce73adf00586"}}, {"model": "seller.order", "pk": 56, "fields": {"order_id": "ORD00055", "user": 1, "business": 24, "total_amount": "65.00", "delivery_method": "delivery", "ref": "af74p94jud", "paid": false, "status": "Pending", "created_at": "2025-04-20T19:41:16.297Z", "uuid": "c5fe9337-8c64-453d-9f2a-dab9dc950df0"}}, {"model": "seller.order", "pk": 57, "fields": {"order_id": "ORD00057", "user": 1, "business": 24, "total_amount": "65.00", "delivery_method": "delivery", "ref": "xeqq2tu1lp", "paid": false, "status": "Pending", "created_at": "2025-04-20T19:46:07.229Z", "uuid": "c0192c2e-d53e-4a00-af43-7217a03b4713"}}, {"model": "seller.order", "pk": 58, "fields": {"order_id": "ORD00058", "user": 1, "business": 26, "total_amount": "54.00", "delivery_method": "delivery", "ref": "fm5sg2yhq4", "paid": false, "status": "Pending", "created_at": "2025-04-21T16:59:03.710Z", "uuid": "f76e4a1e-c4d5-4db5-a2bc-5d719c0fd541"}}, {"model": "seller.order", "pk": 59, "fields": {"order_id": "ORD00059", "user": 1, "business": 26, "total_amount": "78.00", "delivery_method": "pickup", "ref": "", "paid": false, "status": "Pending", "created_at": "2025-04-21T17:32:49.282Z", "uuid": "eda6234f-c5f2-4bac-aa89-ae5a0fbc3c3f"}}, {"model": "seller.order", "pk": 60, "fields": {"order_id": "ORD00060", "user": 1, "business": 26, "total_amount": "78.00", "delivery_method": "pickup", "ref": "", "paid": false, "status": "Pending", "created_at": "2025-04-21T17:33:00.764Z", "uuid": "bdf2f552-59aa-4ff9-9039-3dd1f3a245df"}}, {"model": "seller.order", "pk": 61, "fields": {"order_id": "ORD00061", "user": 1, "business": 26, "total_amount": "78.00", "delivery_method": "pickup", "ref": "", "paid": false, "status": "Pending", "created_at": "2025-04-21T17:33:05.255Z", "uuid": "f6acd67a-ff16-45ab-bf12-b046f6ff156e"}}, {"model": "seller.order", "pk": 62, "fields": {"order_id": "ORD00062", "user": 1, "business": 26, "total_amount": "78.00", "delivery_method": "pickup", "ref": "", "paid": false, "status": "Pending", "created_at": "2025-04-21T17:33:54.199Z", "uuid": "3eae4e0a-a1c6-4ae3-81ce-f7da9ca1b95a"}}, {"model": "seller.order", "pk": 63, "fields": {"order_id": "ORD00063", "user": 1, "business": 26, "total_amount": "78.00", "delivery_method": "pickup", "ref": "2kazu19vac", "paid": false, "status": "Pending", "created_at": "2025-04-21T17:34:13.051Z", "uuid": "d4acda05-761c-4019-ac95-adec9c694545"}}, {"model": "seller.order", "pk": 64, "fields": {"order_id": "ORD00064", "user": 1, "business": 26, "total_amount": "79.20", "delivery_method": "pickup", "ref": "22tde79kq4", "paid": false, "status": "Pending", "created_at": "2025-04-21T17:37:43.611Z", "uuid": "1be87ffb-abf7-4add-983f-ada85adf9ad2"}}, {"model": "seller.order", "pk": 65, "fields": {"order_id": "ORD00065", "user": 1, "business": 26, "total_amount": "79.20", "delivery_method": "pickup", "ref": "moymyo18wx", "paid": false, "status": "Pending", "created_at": "2025-04-21T17:58:44.965Z", "uuid": "be32047e-5732-446e-992d-f9b0396296aa"}}, {"model": "seller.order", "pk": 66, "fields": {"order_id": "ORD00066", "user": 1, "business": 26, "total_amount": "39.60", "delivery_method": "pickup", "ref": "7yh42uq5tw", "paid": false, "status": "Pending", "created_at": "2025-04-21T18:19:27.557Z", "uuid": "8b319dd9-8781-43ca-bb4c-b9d42e9881e8"}}, {"model": "seller.order", "pk": 67, "fields": {"order_id": "ORD00067", "user": 1, "business": 26, "total_amount": "39.60", "delivery_method": "pickup", "ref": "iajfrf8maq", "paid": false, "status": "Pending", "created_at": "2025-04-21T18:47:27.145Z", "uuid": "def6e1d9-5742-4ac3-a967-54d14db5f9b0"}}, {"model": "seller.order", "pk": 68, "fields": {"order_id": "ORD00068", "user": 1, "business": 24, "total_amount": "85.00", "delivery_method": "delivery", "ref": "506ubed9bd", "paid": false, "status": "Pending", "created_at": "2025-04-21T19:37:51.336Z", "uuid": "d88c05a3-dd4a-4a69-a617-24cab71ba4cf"}}, {"model": "seller.order", "pk": 69, "fields": {"order_id": "ORD00069", "user": 1, "business": 24, "total_amount": "85.00", "delivery_method": "delivery", "ref": "h5jcvvvc4g", "paid": false, "status": "Pending", "created_at": "2025-04-22T05:42:46.229Z", "uuid": "80dd9103-1f25-4d16-9a22-6e7904ea0234"}}, {"model": "seller.order", "pk": 70, "fields": {"order_id": "ORD00070", "user": 1, "business": 24, "total_amount": "86.50", "delivery_method": "delivery", "ref": "pqjctl6b6x", "paid": false, "status": "Pending", "created_at": "2025-04-22T09:09:47.873Z", "uuid": "49b83fd8-2b65-4678-a82a-94bdedcf74f1"}}, {"model": "seller.order", "pk": 71, "fields": {"order_id": "ORD00071", "user": 1, "business": 24, "total_amount": "126.50", "delivery_method": "delivery", "ref": "0snsn3rzh7", "paid": false, "status": "Pending", "created_at": "2025-04-22T09:16:43.620Z", "uuid": "8af0749b-c5ca-4224-affb-214f68f6eace"}}, {"model": "seller.order", "pk": 72, "fields": {"order_id": "ORD00072", "user": 1, "business": 26, "total_amount": "94.20", "delivery_method": "delivery", "ref": "04awrd2spz", "paid": false, "status": "Pending", "created_at": "2025-04-22T09:25:23.294Z", "uuid": "6037933a-dac3-433f-b278-c56ce16d2d51"}}, {"model": "seller.order", "pk": 73, "fields": {"order_id": "ORD00073", "user": 1, "business": 26, "total_amount": "94.20", "delivery_method": "delivery", "ref": "02cwi1knw2", "paid": false, "status": "Pending", "created_at": "2025-04-22T09:37:58.246Z", "uuid": "0f19e139-d1df-4cd2-8102-844ddd7fbcc7"}}, {"model": "seller.order", "pk": 74, "fields": {"order_id": "ORD00074", "user": 1, "business": 26, "total_amount": "90.10", "delivery_method": "delivery", "ref": "wfb0lh3nq4", "paid": false, "status": "Pending", "created_at": "2025-04-22T10:13:52.028Z", "uuid": "3448ab7f-7f19-4941-9fde-511eb3fd6995"}}, {"model": "seller.order", "pk": 75, "fields": {"order_id": "ORD00075", "user": 1, "business": 26, "total_amount": "177.00", "delivery_method": "delivery", "ref": "28ral674zl", "paid": false, "status": "Pending", "created_at": "2025-04-22T10:34:05.084Z", "uuid": "2cd5dcba-cc59-4613-a5ec-739c2c69d8e8"}}, {"model": "seller.order", "pk": 76, "fields": {"order_id": "ORD00076", "user": 1, "business": 26, "total_amount": "231.00", "delivery_method": "delivery", "ref": "v3xtza7wrw", "paid": false, "status": "Pending", "created_at": "2025-04-22T11:14:33.999Z", "uuid": "0dc716c1-0eb7-4176-8457-1695ecb7b06b"}}, {"model": "seller.order", "pk": 77, "fields": {"order_id": "ORD00077", "user": 1, "business": 26, "total_amount": "231.00", "delivery_method": "delivery", "ref": "ee2rsjcymc", "paid": false, "status": "Pending", "created_at": "2025-04-22T11:23:17.370Z", "uuid": "63a76234-97bb-4349-9b7b-ced8808d2fae"}}, {"model": "seller.order", "pk": 78, "fields": {"order_id": "ORD00078", "user": 1, "business": 26, "total_amount": "231.00", "delivery_method": "delivery", "ref": "d7d688kh5k", "paid": false, "status": "Pending", "created_at": "2025-04-22T11:29:21.922Z", "uuid": "5005f46d-25c5-4d77-a092-3b403bc01855"}}, {"model": "seller.order", "pk": 79, "fields": {"order_id": "ORD00079", "user": 1, "business": 26, "total_amount": "231.00", "delivery_method": "delivery", "ref": "d4y4snfgk5", "paid": false, "status": "Pending", "created_at": "2025-04-22T11:32:05.172Z", "uuid": "06969481-114e-4036-9f2a-45b956a74013"}}, {"model": "seller.order", "pk": 80, "fields": {"order_id": "ORD00080", "user": 1, "business": 26, "total_amount": "285.00", "delivery_method": "delivery", "ref": "zvptj662t5", "paid": false, "status": "Pending", "created_at": "2025-04-22T11:47:28.861Z", "uuid": "bcf65aa8-7aac-4193-b2cc-b98815f5eb37"}}, {"model": "seller.order", "pk": 81, "fields": {"order_id": "ORD00081", "user": 1, "business": 26, "total_amount": "285.00", "delivery_method": "delivery", "ref": "0l1hnrkn8a", "paid": false, "status": "Pending", "created_at": "2025-04-22T12:34:16.358Z", "uuid": "ca13aff2-662e-401c-abe6-c6b9c385ef9e"}}, {"model": "seller.order", "pk": 82, "fields": {"order_id": "ORD00082", "user": 1, "business": 26, "total_amount": null, "delivery_method": "delivery", "ref": "3shh4n3f5d", "paid": false, "status": "Pending", "created_at": "2025-04-22T15:30:56.791Z", "uuid": "156038f6-c53f-4e4c-bb9e-8190489ed547"}}, {"model": "seller.orderitem", "pk": 29, "fields": {"order": 36, "product": 9, "quantity": 1, "created_at": "2025-04-08T10:46:44.028Z"}}, {"model": "seller.orderitem", "pk": 30, "fields": {"order": 37, "product": 9, "quantity": 1, "created_at": "2025-04-08T11:17:20.756Z"}}, {"model": "seller.orderitem", "pk": 31, "fields": {"order": 38, "product": 12, "quantity": 1, "created_at": "2025-04-09T04:30:25.366Z"}}, {"model": "seller.orderitem", "pk": 32, "fields": {"order": 39, "product": 9, "quantity": 1, "created_at": "2025-04-09T04:32:30.855Z"}}, {"model": "seller.orderitem", "pk": 33, "fields": {"order": 40, "product": 9, "quantity": 1, "created_at": "2025-04-09T04:34:29.655Z"}}, {"model": "seller.orderitem", "pk": 34, "fields": {"order": 41, "product": 8, "quantity": 1, "created_at": "2025-04-18T17:18:01.919Z"}}, {"model": "seller.orderitem", "pk": 35, "fields": {"order": 42, "product": 13, "quantity": 1, "created_at": "2025-04-18T17:29:25.558Z"}}, {"model": "seller.orderitem", "pk": 36, "fields": {"order": 43, "product": 8, "quantity": 3, "created_at": "2025-04-20T15:24:05.051Z"}}, {"model": "seller.orderitem", "pk": 37, "fields": {"order": 43, "product": 9, "quantity": 1, "created_at": "2025-04-20T15:24:05.103Z"}}, {"model": "seller.orderitem", "pk": 38, "fields": {"order": 54, "product": 8, "quantity": 1, "created_at": "2025-04-20T19:27:30.776Z"}}, {"model": "seller.orderitem", "pk": 39, "fields": {"order": 56, "product": 8, "quantity": 1, "created_at": "2025-04-20T19:41:17.187Z"}}, {"model": "seller.orderitem", "pk": 40, "fields": {"order": 57, "product": 8, "quantity": 1, "created_at": "2025-04-20T19:46:07.969Z"}}, {"model": "seller.orderitem", "pk": 41, "fields": {"order": 58, "product": 14, "quantity": 1, "created_at": "2025-04-21T16:59:04.566Z"}}, {"model": "seller.orderitem", "pk": 42, "fields": {"order": 63, "product": 14, "quantity": 2, "created_at": "2025-04-21T17:34:13.681Z"}}, {"model": "seller.orderitem", "pk": 43, "fields": {"order": 64, "product": 14, "quantity": 2, "created_at": "2025-04-21T17:37:44.340Z"}}, {"model": "seller.orderitem", "pk": 44, "fields": {"order": 65, "product": 14, "quantity": 2, "created_at": "2025-04-21T17:58:52.134Z"}}, {"model": "seller.orderitem", "pk": 45, "fields": {"order": 66, "product": 14, "quantity": 1, "created_at": "2025-04-21T18:19:28.566Z"}}, {"model": "seller.orderitem", "pk": 46, "fields": {"order": 67, "product": 14, "quantity": 1, "created_at": "2025-04-21T18:47:27.984Z"}}, {"model": "seller.orderitem", "pk": 47, "fields": {"order": 68, "product": 8, "quantity": 1, "created_at": "2025-04-21T19:37:52.045Z"}}, {"model": "seller.orderitem", "pk": 48, "fields": {"order": 69, "product": 8, "quantity": 1, "created_at": "2025-04-22T05:42:46.949Z"}}, {"model": "seller.orderitem", "pk": 49, "fields": {"order": 70, "product": 8, "quantity": 1, "created_at": "2025-04-22T09:09:48.618Z"}}, {"model": "seller.orderitem", "pk": 50, "fields": {"order": 71, "product": 8, "quantity": 1, "created_at": "2025-04-22T09:16:44.381Z"}}, {"model": "seller.orderitem", "pk": 51, "fields": {"order": 71, "product": 9, "quantity": 1, "created_at": "2025-04-22T09:16:44.463Z"}}, {"model": "seller.orderitem", "pk": 52, "fields": {"order": 72, "product": 14, "quantity": 2, "created_at": "2025-04-22T09:25:24.025Z"}}, {"model": "seller.orderitem", "pk": 53, "fields": {"order": 73, "product": 14, "quantity": 2, "created_at": "2025-04-22T09:37:58.913Z"}}, {"model": "seller.orderitem", "pk": 54, "fields": {"order": 74, "product": 14, "quantity": 1, "created_at": "2025-04-22T10:13:52.787Z"}}, {"model": "seller.orderitem", "pk": 55, "fields": {"order": 75, "product": 14, "quantity": 3, "created_at": "2025-04-22T10:34:05.905Z"}}, {"model": "seller.orderitem", "pk": 56, "fields": {"order": 76, "product": 14, "quantity": 4, "created_at": "2025-04-22T11:14:34.873Z"}}, {"model": "seller.orderitem", "pk": 57, "fields": {"order": 77, "product": 14, "quantity": 4, "created_at": "2025-04-22T11:23:18.185Z"}}, {"model": "seller.orderitem", "pk": 58, "fields": {"order": 78, "product": 14, "quantity": 4, "created_at": "2025-04-22T11:29:22.773Z"}}, {"model": "seller.orderitem", "pk": 59, "fields": {"order": 79, "product": 14, "quantity": 4, "created_at": "2025-04-22T11:32:06.292Z"}}, {"model": "seller.orderitem", "pk": 60, "fields": {"order": 80, "product": 14, "quantity": 5, "created_at": "2025-04-22T11:47:34.460Z"}}, {"model": "seller.orderitem", "pk": 61, "fields": {"order": 81, "product": 14, "quantity": 5, "created_at": "2025-04-22T12:34:17.496Z"}}, {"model": "seller.orderextra", "pk": 1, "fields": {"order": 2, "extra": 1, "quantity": 1}}, {"model": "seller.orderextra", "pk": 2, "fields": {"order": 2, "extra": 1, "quantity": 1}}, {"model": "seller.orderextra", "pk": 3, "fields": {"order": 2, "extra": 3, "quantity": 1}}, {"model": "seller.orderextra", "pk": 4, "fields": {"order": 4, "extra": 1, "quantity": 1}}, {"model": "seller.orderextra", "pk": 5, "fields": {"order": 4, "extra": 1, "quantity": 1}}, {"model": "seller.orderextra", "pk": 6, "fields": {"order": 4, "extra": 3, "quantity": 1}}, {"model": "seller.orderextra", "pk": 7, "fields": {"order": 5, "extra": 1, "quantity": 1}}, {"model": "seller.orderextra", "pk": 8, "fields": {"order": 5, "extra": 1, "quantity": 1}}, {"model": "seller.orderextra", "pk": 9, "fields": {"order": 5, "extra": 3, "quantity": 1}}, {"model": "seller.orderextra", "pk": 10, "fields": {"order": 6, "extra": 1, "quantity": 1}}, {"model": "seller.orderextra", "pk": 11, "fields": {"order": 6, "extra": 1, "quantity": 1}}, {"model": "seller.orderextra", "pk": 12, "fields": {"order": 6, "extra": 3, "quantity": 1}}, {"model": "seller.orderextra", "pk": 13, "fields": {"order": 7, "extra": 1, "quantity": 1}}, {"model": "seller.orderextra", "pk": 14, "fields": {"order": 7, "extra": 1, "quantity": 1}}, {"model": "seller.orderextra", "pk": 15, "fields": {"order": 7, "extra": 3, "quantity": 1}}, {"model": "seller.orderextra", "pk": 16, "fields": {"order": 8, "extra": 1, "quantity": 1}}, {"model": "seller.orderextra", "pk": 17, "fields": {"order": 8, "extra": 1, "quantity": 1}}, {"model": "seller.orderextra", "pk": 18, "fields": {"order": 8, "extra": 3, "quantity": 1}}, {"model": "seller.orderextra", "pk": 19, "fields": {"order": 9, "extra": 1, "quantity": 1}}, {"model": "seller.orderextra", "pk": 20, "fields": {"order": 9, "extra": 1, "quantity": 1}}, {"model": "seller.orderextra", "pk": 21, "fields": {"order": 9, "extra": 3, "quantity": 1}}, {"model": "seller.orderextra", "pk": 22, "fields": {"order": 10, "extra": 1, "quantity": 1}}, {"model": "seller.orderextra", "pk": 23, "fields": {"order": 10, "extra": 1, "quantity": 1}}, {"model": "seller.orderextra", "pk": 24, "fields": {"order": 10, "extra": 3, "quantity": 1}}, {"model": "seller.orderextra", "pk": 25, "fields": {"order": 11, "extra": 1, "quantity": 1}}, {"model": "seller.orderextra", "pk": 26, "fields": {"order": 11, "extra": 1, "quantity": 1}}, {"model": "seller.orderextra", "pk": 27, "fields": {"order": 11, "extra": 3, "quantity": 1}}, {"model": "seller.orderextra", "pk": 28, "fields": {"order": 12, "extra": 1, "quantity": 1}}, {"model": "seller.orderextra", "pk": 29, "fields": {"order": 12, "extra": 1, "quantity": 1}}, {"model": "seller.orderextra", "pk": 30, "fields": {"order": 12, "extra": 3, "quantity": 1}}, {"model": "seller.orderextra", "pk": 31, "fields": {"order": 14, "extra": 1, "quantity": 1}}, {"model": "seller.orderextra", "pk": 32, "fields": {"order": 14, "extra": 2, "quantity": 1}}, {"model": "seller.orderextra", "pk": 33, "fields": {"order": 14, "extra": 3, "quantity": 1}}, {"model": "seller.orderextra", "pk": 34, "fields": {"order": 15, "extra": 5, "quantity": 1}}, {"model": "seller.orderextra", "pk": 35, "fields": {"order": 16, "extra": 2, "quantity": 1}}, {"model": "seller.orderextra", "pk": 36, "fields": {"order": 16, "extra": 3, "quantity": 1}}, {"model": "seller.orderextra", "pk": 37, "fields": {"order": 16, "extra": 4, "quantity": 1}}, {"model": "seller.orderextra", "pk": 38, "fields": {"order": 16, "extra": 5, "quantity": 1}}, {"model": "seller.orderextra", "pk": 39, "fields": {"order": 19, "extra": 3, "quantity": 1}}, {"model": "seller.orderextra", "pk": 40, "fields": {"order": 19, "extra": 4, "quantity": 1}}, {"model": "seller.orderextra", "pk": 41, "fields": {"order": 19, "extra": 5, "quantity": 1}}, {"model": "seller.orderextra", "pk": 42, "fields": {"order": 20, "extra": 4, "quantity": 1}}, {"model": "seller.orderextra", "pk": 43, "fields": {"order": 20, "extra": 5, "quantity": 1}}, {"model": "seller.orderextra", "pk": 44, "fields": {"order": 26, "extra": 4, "quantity": 1}}, {"model": "seller.orderextra", "pk": 45, "fields": {"order": 26, "extra": 5, "quantity": 1}}, {"model": "seller.orderextra", "pk": 46, "fields": {"order": 27, "extra": 4, "quantity": 1}}, {"model": "seller.orderextra", "pk": 47, "fields": {"order": 27, "extra": 5, "quantity": 1}}, {"model": "seller.orderextra", "pk": 48, "fields": {"order": 28, "extra": 4, "quantity": 1}}, {"model": "seller.orderextra", "pk": 49, "fields": {"order": 28, "extra": 5, "quantity": 1}}, {"model": "seller.orderextra", "pk": 50, "fields": {"order": 29, "extra": 1, "quantity": 1}}, {"model": "seller.orderextra", "pk": 51, "fields": {"order": 29, "extra": 2, "quantity": 1}}, {"model": "seller.orderextra", "pk": 52, "fields": {"order": 30, "extra": 1, "quantity": 1}}, {"model": "seller.orderextra", "pk": 53, "fields": {"order": 30, "extra": 2, "quantity": 1}}, {"model": "seller.orderextra", "pk": 54, "fields": {"order": 31, "extra": 4, "quantity": 1}}, {"model": "seller.orderextra", "pk": 55, "fields": {"order": 32, "extra": 1, "quantity": 1}}, {"model": "seller.orderextra", "pk": 56, "fields": {"order": 32, "extra": 3, "quantity": 1}}, {"model": "seller.orderextra", "pk": 57, "fields": {"order": 33, "extra": 2, "quantity": 1}}, {"model": "seller.orderextra", "pk": 58, "fields": {"order": 33, "extra": 5, "quantity": 1}}, {"model": "seller.orderextra", "pk": 59, "fields": {"order": 34, "extra": 4, "quantity": 1}}, {"model": "seller.orderextra", "pk": 60, "fields": {"order": 34, "extra": 5, "quantity": 1}}, {"model": "seller.orderextra", "pk": 61, "fields": {"order": 35, "extra": 1, "quantity": 1}}, {"model": "seller.orderextra", "pk": 62, "fields": {"order": 35, "extra": 2, "quantity": 1}}, {"model": "seller.orderextra", "pk": 63, "fields": {"order": 35, "extra": 3, "quantity": 1}}, {"model": "seller.orderextra", "pk": 64, "fields": {"order": 35, "extra": 4, "quantity": 1}}, {"model": "seller.orderextra", "pk": 65, "fields": {"order": 35, "extra": 5, "quantity": 1}}, {"model": "seller.orderextra", "pk": 66, "fields": {"order": 36, "extra": 1, "quantity": 1}}, {"model": "seller.orderextra", "pk": 67, "fields": {"order": 36, "extra": 1, "quantity": 1}}, {"model": "seller.orderextra", "pk": 68, "fields": {"order": 37, "extra": 2, "quantity": 1}}, {"model": "seller.orderextra", "pk": 69, "fields": {"order": 37, "extra": 3, "quantity": 1}}, {"model": "seller.orderextra", "pk": 70, "fields": {"order": 39, "extra": 1, "quantity": 1}}, {"model": "seller.orderextra", "pk": 71, "fields": {"order": 39, "extra": 1, "quantity": 1}}, {"model": "seller.orderextra", "pk": 72, "fields": {"order": 41, "extra": 1, "quantity": 1}}, {"model": "seller.orderextra", "pk": 73, "fields": {"order": 41, "extra": 2, "quantity": 1}}, {"model": "seller.orderextra", "pk": 74, "fields": {"order": 41, "extra": 3, "quantity": 1}}, {"model": "seller.orderextra", "pk": 75, "fields": {"order": 42, "extra": 6, "quantity": 1}}, {"model": "seller.orderextra", "pk": 76, "fields": {"order": 43, "extra": 1, "quantity": 1}}, {"model": "seller.orderextra", "pk": 77, "fields": {"order": 43, "extra": 2, "quantity": 1}}, {"model": "seller.orderextra", "pk": 78, "fields": {"order": 43, "extra": 3, "quantity": 1}}, {"model": "seller.orderextra", "pk": 79, "fields": {"order": 68, "extra": 1, "quantity": 1}}, {"model": "seller.orderextra", "pk": 80, "fields": {"order": 68, "extra": 2, "quantity": 1}}, {"model": "seller.orderextra", "pk": 81, "fields": {"order": 68, "extra": 3, "quantity": 1}}, {"model": "seller.orderextra", "pk": 82, "fields": {"order": 69, "extra": 1, "quantity": 1}}, {"model": "seller.orderextra", "pk": 83, "fields": {"order": 69, "extra": 2, "quantity": 1}}, {"model": "seller.orderextra", "pk": 84, "fields": {"order": 69, "extra": 3, "quantity": 1}}, {"model": "seller.orderextra", "pk": 85, "fields": {"order": 70, "extra": 1, "quantity": 1}}, {"model": "seller.orderextra", "pk": 86, "fields": {"order": 70, "extra": 2, "quantity": 1}}, {"model": "seller.orderextra", "pk": 87, "fields": {"order": 70, "extra": 3, "quantity": 1}}, {"model": "seller.orderextra", "pk": 88, "fields": {"order": 71, "extra": 1, "quantity": 1}}, {"model": "seller.orderextra", "pk": 89, "fields": {"order": 71, "extra": 3, "quantity": 1}}, {"model": "seller.orderextra", "pk": 90, "fields": {"order": 71, "extra": 5, "quantity": 1}}, {"model": "seller.orderextra", "pk": 91, "fields": {"order": 74, "extra": 7, "quantity": 1}}, {"model": "seller.orderextra", "pk": 92, "fields": {"order": 74, "extra": 10, "quantity": 1}}, {"model": "seller.orderaddons", "pk": 14, "fields": {"product": 35, "addon": 9}}, {"model": "seller.orderaddons", "pk": 15, "fields": {"product": 35, "addon": 10}}, {"model": "seller.orderaddons", "pk": 16, "fields": {"product": 35, "addon": 11}}, {"model": "seller.orderaddress", "pk": 1, "fields": {"order": 9, "address_line_1": "44", "address_line_2": "fortuna", "address_line_3": "kwena heights", "address_line_4": "bedworthpark", "notes": "corner house"}}, {"model": "seller.orderaddress", "pk": 2, "fields": {"order": 10, "address_line_1": "44", "address_line_2": "fortuna", "address_line_3": "kwena heights", "address_line_4": "bedworthpark", "notes": "corner house"}}, {"model": "seller.orderaddress", "pk": 3, "fields": {"order": 11, "address_line_1": "44", "address_line_2": "fortuna", "address_line_3": "kwena heights", "address_line_4": "bedworthpark", "notes": "corner house"}}, {"model": "seller.orderaddress", "pk": 4, "fields": {"order": 12, "address_line_1": "44", "address_line_2": "fortuna", "address_line_3": "kwena heights", "address_line_4": "bedworthpark", "notes": "corner house"}}, {"model": "seller.orderaddress", "pk": 5, "fields": {"order": 14, "address_line_1": "35", "address_line_2": "Demeter", "address_line_3": "MKings", "address_line_4": "bedworthpark", "notes": "wait outside"}}, {"model": "seller.orderaddress", "pk": 6, "fields": {"order": 27, "address_line_1": "35", "address_line_2": "Demeter", "address_line_3": "MKings", "address_line_4": "bedworthpark", "notes": "wait outside"}}, {"model": "seller.orderaddress", "pk": 7, "fields": {"order": 28, "address_line_1": "35", "address_line_2": "Demeter", "address_line_3": "MKings", "address_line_4": "bedworthpark", "notes": "wait outside"}}, {"model": "seller.orderaddress", "pk": 8, "fields": {"order": 29, "address_line_1": "35", "address_line_2": "Demeter", "address_line_3": "MKings", "address_line_4": "bedworthpark", "notes": "wait outside"}}, {"model": "seller.orderaddress", "pk": 9, "fields": {"order": 30, "address_line_1": "35", "address_line_2": "Demeter", "address_line_3": "MKings", "address_line_4": "bedworthpark", "notes": "wait outside"}}, {"model": "seller.orderaddress", "pk": 10, "fields": {"order": 31, "address_line_1": "35", "address_line_2": "Demeter", "address_line_3": "MKings", "address_line_4": "bedworthpark", "notes": "wait outside"}}, {"model": "seller.orderaddress", "pk": 11, "fields": {"order": 32, "address_line_1": "35", "address_line_2": "Demeter", "address_line_3": "MKings", "address_line_4": "bedworthpark", "notes": "wait outside"}}, {"model": "seller.orderaddress", "pk": 12, "fields": {"order": 33, "address_line_1": "35", "address_line_2": "Demeter", "address_line_3": "MKings", "address_line_4": "bedworthpark", "notes": "wait outside"}}, {"model": "seller.orderaddress", "pk": 13, "fields": {"order": 34, "address_line_1": "35", "address_line_2": "Demeter", "address_line_3": "MKings", "address_line_4": "bedworthpark", "notes": "wait outside"}}, {"model": "seller.orderaddress", "pk": 14, "fields": {"order": 35, "address_line_1": "35", "address_line_2": "Demeter", "address_line_3": "MKings", "address_line_4": "bedworthpark", "notes": "wait outside"}}, {"model": "seller.orderaddress", "pk": 15, "fields": {"order": 42, "address_line_1": "vut", "address_line_2": "T", "address_line_3": "101", "address_line_4": null, "notes": "im siting at the bench"}}, {"model": "seller.orderaddress", "pk": 16, "fields": {"order": 43, "address_line_1": "vut", "address_line_2": "T", "address_line_3": "101", "address_line_4": null, "notes": ""}}, {"model": "seller.orderaddress", "pk": 17, "fields": {"order": 54, "address_line_1": "vut", "address_line_2": "T", "address_line_3": "101", "address_line_4": null, "notes": ""}}, {"model": "seller.orderaddress", "pk": 18, "fields": {"order": 56, "address_line_1": "vut", "address_line_2": "T", "address_line_3": "101", "address_line_4": null, "notes": ""}}, {"model": "seller.orderaddress", "pk": 19, "fields": {"order": 57, "address_line_1": "vut", "address_line_2": "T", "address_line_3": "101", "address_line_4": null, "notes": ""}}, {"model": "seller.orderaddress", "pk": 20, "fields": {"order": 58, "address_line_1": "vut", "address_line_2": "T", "address_line_3": "101", "address_line_4": null, "notes": ""}}, {"model": "seller.orderaddress", "pk": 21, "fields": {"order": 68, "address_line_1": "vut", "address_line_2": "T", "address_line_3": "101", "address_line_4": null, "notes": ""}}, {"model": "seller.orderaddress", "pk": 22, "fields": {"order": 69, "address_line_1": "vut", "address_line_2": "T", "address_line_3": "101", "address_line_4": null, "notes": ""}}, {"model": "seller.orderaddress", "pk": 23, "fields": {"order": 70, "address_line_1": "vut", "address_line_2": "T", "address_line_3": "101", "address_line_4": null, "notes": ""}}, {"model": "seller.orderaddress", "pk": 24, "fields": {"order": 71, "address_line_1": "vut", "address_line_2": "T", "address_line_3": "101", "address_line_4": null, "notes": ""}}, {"model": "seller.orderaddress", "pk": 25, "fields": {"order": 72, "address_line_1": "vut", "address_line_2": "T", "address_line_3": "101", "address_line_4": null, "notes": ""}}, {"model": "seller.orderaddress", "pk": 26, "fields": {"order": 73, "address_line_1": "vut", "address_line_2": "T", "address_line_3": "101", "address_line_4": null, "notes": ""}}, {"model": "seller.orderaddress", "pk": 27, "fields": {"order": 74, "address_line_1": "vut", "address_line_2": "T", "address_line_3": "101", "address_line_4": null, "notes": ""}}, {"model": "seller.orderaddress", "pk": 28, "fields": {"order": 75, "address_line_1": "vut", "address_line_2": "T", "address_line_3": "101", "address_line_4": null, "notes": ""}}, {"model": "seller.orderaddress", "pk": 29, "fields": {"order": 76, "address_line_1": "vut", "address_line_2": "T", "address_line_3": "101", "address_line_4": null, "notes": ""}}, {"model": "seller.orderaddress", "pk": 30, "fields": {"order": 77, "address_line_1": "vut", "address_line_2": "T", "address_line_3": "101", "address_line_4": null, "notes": ""}}, {"model": "seller.orderaddress", "pk": 31, "fields": {"order": 78, "address_line_1": "vut", "address_line_2": "T", "address_line_3": "101", "address_line_4": null, "notes": ""}}, {"model": "seller.orderaddress", "pk": 32, "fields": {"order": 79, "address_line_1": "vut", "address_line_2": "T", "address_line_3": "101", "address_line_4": null, "notes": ""}}, {"model": "seller.orderaddress", "pk": 33, "fields": {"order": 80, "address_line_1": "vut", "address_line_2": "T", "address_line_3": "101", "address_line_4": null, "notes": ""}}, {"model": "seller.orderaddress", "pk": 34, "fields": {"order": 81, "address_line_1": "vut", "address_line_2": "T", "address_line_3": "101", "address_line_4": null, "notes": ""}}, {"model": "transactions.businesswallet", "pk": 1, "fields": {"business": 24, "balance": "269.00", "total": "459.00", "created_at": "2025-03-24T11:55:11.980Z"}}, {"model": "transactions.businesswallet", "pk": 2, "fields": {"business": 54, "balance": "86.00", "total": "86.00", "created_at": "2025-04-18T17:29:25.706Z"}}, {"model": "transactions.businesstransaction", "pk": 1, "fields": {"ref": "ORD00034", "sender": 6, "receiver": 24, "transaction_type": "Purchase", "amount": "63.00", "timestamp": "2025-03-24T12:00:24.807Z", "status": "Success", "fees": "0.00"}}, {"model": "transactions.businesstransaction", "pk": 2, "fields": {"ref": "ORD00035", "sender": 6, "receiver": 24, "transaction_type": "Purchase", "amount": "83.00", "timestamp": "2025-03-24T13:33:09.054Z", "status": "Success", "fees": "0.00"}}, {"model": "transactions.businesstransaction", "pk": 3, "fields": {"ref": "Withdrawal-003", "sender": 6, "receiver": 24, "transaction_type": "Withdrawal", "amount": "30.00", "timestamp": "2025-03-24T14:46:43.729Z", "status": "Success", "fees": "0.00"}}, {"model": "transactions.businesstransaction", "pk": 4, "fields": {"ref": "ORD00036", "sender": 1, "receiver": 24, "transaction_type": "Purchase", "amount": "43.00", "timestamp": "2025-04-08T10:46:44.134Z", "status": "Success", "fees": "0.00"}}, {"model": "transactions.businesstransaction", "pk": 5, "fields": {"ref": "ORD00037", "sender": 1, "receiver": 24, "transaction_type": "Purchase", "amount": "54.00", "timestamp": "2025-04-08T11:17:20.857Z", "status": "Success", "fees": "0.00"}}, {"model": "transactions.businesstransaction", "pk": 6, "fields": {"ref": "ORD00040", "sender": 1, "receiver": 24, "transaction_type": "Purchase", "amount": "37.00", "timestamp": "2025-04-09T04:34:29.700Z", "status": "Success", "fees": "0.00"}}, {"model": "transactions.businesstransaction", "pk": 7, "fields": {"ref": "ORD00042", "sender": 9, "receiver": 54, "transaction_type": "Purchase", "amount": "86.00", "timestamp": "2025-04-18T17:29:25.731Z", "status": "Success", "fees": "0.00"}}, {"model": "transactions.businesstransaction", "pk": 8, "fields": {"ref": "ORD00043", "sender": 1, "receiver": 24, "transaction_type": "Purchase", "amount": "122.00", "timestamp": "2025-04-20T15:24:05.347Z", "status": "Success", "fees": "0.00"}}, {"model": "transactions.businesstransaction", "pk": 9, "fields": {"ref": "3shh4n3f5d", "sender": null, "receiver": null, "transaction_type": null, "amount": "101.92", "timestamp": "2025-04-22T15:31:01.953Z", "status": "Pending", "fees": "6.08"}}, {"model": "admin.logentry", "pk": 1, "fields": {"action_time": "2024-11-14T15:59:15.410Z", "user": 1, "content_type": 7, "object_id": "1", "object_repr": "example.com", "action_flag": 3, "change_message": ""}}, {"model": "admin.logentry", "pk": 2, "fields": {"action_time": "2024-11-14T16:03:27.904Z", "user": 1, "content_type": 7, "object_id": "2", "object_repr": "http://127.0.0.1:8000", "action_flag": 1, "change_message": "[{\"added\": {}}]"}}, {"model": "admin.logentry", "pk": 3, "fields": {"action_time": "2024-11-14T16:13:14.900Z", "user": 1, "content_type": 11, "object_id": "1", "object_repr": "google", "action_flag": 1, "change_message": "[{\"added\": {}}]"}}, {"model": "admin.logentry", "pk": 4, "fields": {"action_time": "2025-03-05T20:40:37.400Z", "user": 3, "content_type": 3, "object_id": "1", "object_repr": "admin", "action_flag": 1, "change_message": "[{\"added\": {}}]"}}, {"model": "admin.logentry", "pk": 5, "fields": {"action_time": "2025-03-05T20:41:33.629Z", "user": 3, "content_type": 3, "object_id": "2", "object_repr": "customer", "action_flag": 1, "change_message": "[{\"added\": {}}]"}}, {"model": "admin.logentry", "pk": 6, "fields": {"action_time": "2025-03-05T20:42:01.884Z", "user": 3, "content_type": 3, "object_id": "3", "object_repr": "business", "action_flag": 1, "change_message": "[{\"added\": {}}]"}}, {"model": "admin.logentry", "pk": 7, "fields": {"action_time": "2025-03-05T20:42:36.417Z", "user": 3, "content_type": 3, "object_id": "4", "object_repr": "moderator", "action_flag": 1, "change_message": "[{\"added\": {}}]"}}, {"model": "admin.logentry", "pk": 8, "fields": {"action_time": "2025-03-05T20:42:50.648Z", "user": 3, "content_type": 3, "object_id": "5", "object_repr": "courier", "action_flag": 1, "change_message": "[{\"added\": {}}]"}}, {"model": "admin.logentry", "pk": 9, "fields": {"action_time": "2025-03-05T20:47:57.508Z", "user": 3, "content_type": 4, "object_id": "2", "object_repr": "jeff", "action_flag": 3, "change_message": ""}}, {"model": "admin.logentry", "pk": 10, "fields": {"action_time": "2025-03-05T20:48:11.974Z", "user": 3, "content_type": 4, "object_id": "4", "object_repr": "ona", "action_flag": 3, "change_message": ""}}, {"model": "admin.logentry", "pk": 11, "fields": {"action_time": "2025-03-05T20:48:25.866Z", "user": 3, "content_type": 4, "object_id": "5", "object_repr": "jeff1", "action_flag": 3, "change_message": ""}}, {"model": "admin.logentry", "pk": 12, "fields": {"action_time": "2025-03-05T20:49:59.595Z", "user": 3, "content_type": 4, "object_id": "3", "object_repr": "six6", "action_flag": 2, "change_message": "[{\"changed\": {\"fields\": [\"Groups\"]}}]"}}, {"model": "admin.logentry", "pk": 13, "fields": {"action_time": "2025-03-05T20:51:20.675Z", "user": 3, "content_type": 4, "object_id": "6", "object_repr": "adivhaho", "action_flag": 2, "change_message": "[{\"changed\": {\"fields\": [\"Groups\"]}}]"}}, {"model": "admin.logentry", "pk": 14, "fields": {"action_time": "2025-03-05T20:52:21.025Z", "user": 3, "content_type": 4, "object_id": "7", "object_repr": "jefferson", "action_flag": 2, "change_message": "[{\"changed\": {\"fields\": [\"Groups\"]}}]"}}, {"model": "admin.logentry", "pk": 15, "fields": {"action_time": "2025-03-05T21:28:48.604Z", "user": 3, "content_type": 4, "object_id": "1", "object_repr": "six", "action_flag": 2, "change_message": "[{\"changed\": {\"fields\": [\"Groups\"]}}]"}}, {"model": "admin.logentry", "pk": 16, "fields": {"action_time": "2025-03-14T15:19:30.622Z", "user": 3, "content_type": 14, "object_id": "5", "object_repr": "sixskies", "action_flag": 2, "change_message": "[{\"changed\": {\"fields\": [\"Open time\", \"Close time\", \"Status\"]}}]"}}, {"model": "admin.logentry", "pk": 17, "fields": {"action_time": "2025-03-14T15:20:07.415Z", "user": 3, "content_type": 14, "object_id": "15", "object_repr": "sixskies", "action_flag": 3, "change_message": ""}}, {"model": "admin.logentry", "pk": 18, "fields": {"action_time": "2025-03-14T15:20:07.415Z", "user": 3, "content_type": 14, "object_id": "14", "object_repr": "sixskies", "action_flag": 3, "change_message": ""}}, {"model": "admin.logentry", "pk": 19, "fields": {"action_time": "2025-03-14T15:20:07.416Z", "user": 3, "content_type": 14, "object_id": "13", "object_repr": "sixskies", "action_flag": 3, "change_message": ""}}, {"model": "admin.logentry", "pk": 20, "fields": {"action_time": "2025-03-14T15:20:07.416Z", "user": 3, "content_type": 14, "object_id": "12", "object_repr": "sixskies", "action_flag": 3, "change_message": ""}}, {"model": "admin.logentry", "pk": 21, "fields": {"action_time": "2025-03-14T15:20:07.416Z", "user": 3, "content_type": 14, "object_id": "11", "object_repr": "sixskies", "action_flag": 3, "change_message": ""}}, {"model": "admin.logentry", "pk": 22, "fields": {"action_time": "2025-03-14T15:20:07.416Z", "user": 3, "content_type": 14, "object_id": "10", "object_repr": "sixskies", "action_flag": 3, "change_message": ""}}, {"model": "admin.logentry", "pk": 23, "fields": {"action_time": "2025-03-14T15:20:07.416Z", "user": 3, "content_type": 14, "object_id": "9", "object_repr": "sixskies", "action_flag": 3, "change_message": ""}}, {"model": "admin.logentry", "pk": 24, "fields": {"action_time": "2025-03-14T15:20:07.416Z", "user": 3, "content_type": 14, "object_id": "8", "object_repr": "sixskies", "action_flag": 3, "change_message": ""}}, {"model": "admin.logentry", "pk": 25, "fields": {"action_time": "2025-03-14T15:20:07.416Z", "user": 3, "content_type": 14, "object_id": "7", "object_repr": "sixskies", "action_flag": 3, "change_message": ""}}, {"model": "admin.logentry", "pk": 26, "fields": {"action_time": "2025-03-14T15:20:07.417Z", "user": 3, "content_type": 14, "object_id": "6", "object_repr": "sixskies", "action_flag": 3, "change_message": ""}}, {"model": "admin.logentry", "pk": 27, "fields": {"action_time": "2025-03-14T15:20:07.417Z", "user": 3, "content_type": 14, "object_id": "4", "object_repr": "sixskies", "action_flag": 3, "change_message": ""}}, {"model": "admin.logentry", "pk": 28, "fields": {"action_time": "2025-03-14T15:20:07.418Z", "user": 3, "content_type": 14, "object_id": "3", "object_repr": "sixskies", "action_flag": 3, "change_message": ""}}, {"model": "admin.logentry", "pk": 29, "fields": {"action_time": "2025-03-14T15:20:07.418Z", "user": 3, "content_type": 14, "object_id": "2", "object_repr": "sixskies", "action_flag": 3, "change_message": ""}}, {"model": "admin.logentry", "pk": 30, "fields": {"action_time": "2025-03-14T15:20:07.418Z", "user": 3, "content_type": 14, "object_id": "1", "object_repr": "sixskies", "action_flag": 3, "change_message": ""}}, {"model": "admin.logentry", "pk": 31, "fields": {"action_time": "2025-03-14T16:09:09.061Z", "user": 3, "content_type": 14, "object_id": "23", "object_repr": "jeffs kitchen", "action_flag": 3, "change_message": ""}}, {"model": "admin.logentry", "pk": 32, "fields": {"action_time": "2025-03-14T16:09:09.061Z", "user": 3, "content_type": 14, "object_id": "22", "object_repr": "jeffs kitchen", "action_flag": 3, "change_message": ""}}, {"model": "admin.logentry", "pk": 33, "fields": {"action_time": "2025-03-14T16:09:09.061Z", "user": 3, "content_type": 14, "object_id": "21", "object_repr": "jeffs kitchen", "action_flag": 3, "change_message": ""}}, {"model": "admin.logentry", "pk": 34, "fields": {"action_time": "2025-03-14T16:09:09.061Z", "user": 3, "content_type": 14, "object_id": "20", "object_repr": "jeffs kitchen", "action_flag": 3, "change_message": ""}}, {"model": "admin.logentry", "pk": 35, "fields": {"action_time": "2025-03-14T16:09:09.061Z", "user": 3, "content_type": 14, "object_id": "19", "object_repr": "jeffs kitchen", "action_flag": 3, "change_message": ""}}, {"model": "admin.logentry", "pk": 36, "fields": {"action_time": "2025-03-14T16:09:09.061Z", "user": 3, "content_type": 14, "object_id": "18", "object_repr": "jeffs kitchen", "action_flag": 3, "change_message": ""}}, {"model": "admin.logentry", "pk": 37, "fields": {"action_time": "2025-03-14T16:09:09.061Z", "user": 3, "content_type": 14, "object_id": "17", "object_repr": "jeffs kitchen", "action_flag": 3, "change_message": ""}}, {"model": "admin.logentry", "pk": 38, "fields": {"action_time": "2025-03-14T16:09:09.062Z", "user": 3, "content_type": 14, "object_id": "16", "object_repr": "jeffs kitchen", "action_flag": 3, "change_message": ""}}, {"model": "admin.logentry", "pk": 39, "fields": {"action_time": "2025-04-08T08:43:47.295Z", "user": 1, "content_type": 4, "object_id": "7", "object_repr": "jefferson", "action_flag": 3, "change_message": ""}}, {"model": "admin.logentry", "pk": 40, "fields": {"action_time": "2025-04-19T14:59:08.649Z", "user": 1, "content_type": 7, "object_id": "3", "object_repr": "https://versityf", "action_flag": 2, "change_message": "[{\"changed\": {\"fields\": [\"Domain name\", \"Display name\"]}}]"}}, {"model": "admin.logentry", "pk": 41, "fields": {"action_time": "2025-04-19T14:59:23.041Z", "user": 1, "content_type": 7, "object_id": "3", "object_repr": "https://onecartdiscovery.com", "action_flag": 2, "change_message": "[{\"changed\": {\"fields\": [\"Domain name\"]}}]"}}, {"model": "admin.logentry", "pk": 42, "fields": {"action_time": "2025-04-20T06:03:40.982Z", "user": 1, "content_type": 7, "object_id": "3", "object_repr": "onecartdiscovery.com", "action_flag": 2, "change_message": "[{\"changed\": {\"fields\": [\"Domain name\"]}}]"}}, {"model": "auth.permission", "pk": 1, "fields": {"name": "Can add log entry", "content_type": 1, "codename": "add_logentry"}}, {"model": "auth.permission", "pk": 2, "fields": {"name": "Can change log entry", "content_type": 1, "codename": "change_logentry"}}, {"model": "auth.permission", "pk": 3, "fields": {"name": "Can delete log entry", "content_type": 1, "codename": "delete_logentry"}}, {"model": "auth.permission", "pk": 4, "fields": {"name": "Can view log entry", "content_type": 1, "codename": "view_logentry"}}, {"model": "auth.permission", "pk": 5, "fields": {"name": "Can add permission", "content_type": 2, "codename": "add_permission"}}, {"model": "auth.permission", "pk": 6, "fields": {"name": "Can change permission", "content_type": 2, "codename": "change_permission"}}, {"model": "auth.permission", "pk": 7, "fields": {"name": "Can delete permission", "content_type": 2, "codename": "delete_permission"}}, {"model": "auth.permission", "pk": 8, "fields": {"name": "Can view permission", "content_type": 2, "codename": "view_permission"}}, {"model": "auth.permission", "pk": 9, "fields": {"name": "Can add group", "content_type": 3, "codename": "add_group"}}, {"model": "auth.permission", "pk": 10, "fields": {"name": "Can change group", "content_type": 3, "codename": "change_group"}}, {"model": "auth.permission", "pk": 11, "fields": {"name": "Can delete group", "content_type": 3, "codename": "delete_group"}}, {"model": "auth.permission", "pk": 12, "fields": {"name": "Can view group", "content_type": 3, "codename": "view_group"}}, {"model": "auth.permission", "pk": 13, "fields": {"name": "Can add user", "content_type": 4, "codename": "add_user"}}, {"model": "auth.permission", "pk": 14, "fields": {"name": "Can change user", "content_type": 4, "codename": "change_user"}}, {"model": "auth.permission", "pk": 15, "fields": {"name": "Can delete user", "content_type": 4, "codename": "delete_user"}}, {"model": "auth.permission", "pk": 16, "fields": {"name": "Can view user", "content_type": 4, "codename": "view_user"}}, {"model": "auth.permission", "pk": 17, "fields": {"name": "Can add content type", "content_type": 5, "codename": "add_contenttype"}}, {"model": "auth.permission", "pk": 18, "fields": {"name": "Can change content type", "content_type": 5, "codename": "change_contenttype"}}, {"model": "auth.permission", "pk": 19, "fields": {"name": "Can delete content type", "content_type": 5, "codename": "delete_contenttype"}}, {"model": "auth.permission", "pk": 20, "fields": {"name": "Can view content type", "content_type": 5, "codename": "view_contenttype"}}, {"model": "auth.permission", "pk": 21, "fields": {"name": "Can add session", "content_type": 6, "codename": "add_session"}}, {"model": "auth.permission", "pk": 22, "fields": {"name": "Can change session", "content_type": 6, "codename": "change_session"}}, {"model": "auth.permission", "pk": 23, "fields": {"name": "Can delete session", "content_type": 6, "codename": "delete_session"}}, {"model": "auth.permission", "pk": 24, "fields": {"name": "Can view session", "content_type": 6, "codename": "view_session"}}, {"model": "auth.permission", "pk": 25, "fields": {"name": "Can add site", "content_type": 7, "codename": "add_site"}}, {"model": "auth.permission", "pk": 26, "fields": {"name": "Can change site", "content_type": 7, "codename": "change_site"}}, {"model": "auth.permission", "pk": 27, "fields": {"name": "Can delete site", "content_type": 7, "codename": "delete_site"}}, {"model": "auth.permission", "pk": 28, "fields": {"name": "Can view site", "content_type": 7, "codename": "view_site"}}, {"model": "auth.permission", "pk": 29, "fields": {"name": "Can add email address", "content_type": 8, "codename": "add_emailaddress"}}, {"model": "auth.permission", "pk": 30, "fields": {"name": "Can change email address", "content_type": 8, "codename": "change_emailaddress"}}, {"model": "auth.permission", "pk": 31, "fields": {"name": "Can delete email address", "content_type": 8, "codename": "delete_emailaddress"}}, {"model": "auth.permission", "pk": 32, "fields": {"name": "Can view email address", "content_type": 8, "codename": "view_emailaddress"}}, {"model": "auth.permission", "pk": 33, "fields": {"name": "Can add email confirmation", "content_type": 9, "codename": "add_emailconfirmation"}}, {"model": "auth.permission", "pk": 34, "fields": {"name": "Can change email confirmation", "content_type": 9, "codename": "change_emailconfirmation"}}, {"model": "auth.permission", "pk": 35, "fields": {"name": "Can delete email confirmation", "content_type": 9, "codename": "delete_emailconfirmation"}}, {"model": "auth.permission", "pk": 36, "fields": {"name": "Can view email confirmation", "content_type": 9, "codename": "view_emailconfirmation"}}, {"model": "auth.permission", "pk": 37, "fields": {"name": "Can add social account", "content_type": 10, "codename": "add_socialaccount"}}, {"model": "auth.permission", "pk": 38, "fields": {"name": "Can change social account", "content_type": 10, "codename": "change_socialaccount"}}, {"model": "auth.permission", "pk": 39, "fields": {"name": "Can delete social account", "content_type": 10, "codename": "delete_socialaccount"}}, {"model": "auth.permission", "pk": 40, "fields": {"name": "Can view social account", "content_type": 10, "codename": "view_socialaccount"}}, {"model": "auth.permission", "pk": 41, "fields": {"name": "Can add social application", "content_type": 11, "codename": "add_socialapp"}}, {"model": "auth.permission", "pk": 42, "fields": {"name": "Can change social application", "content_type": 11, "codename": "change_socialapp"}}, {"model": "auth.permission", "pk": 43, "fields": {"name": "Can delete social application", "content_type": 11, "codename": "delete_socialapp"}}, {"model": "auth.permission", "pk": 44, "fields": {"name": "Can view social application", "content_type": 11, "codename": "view_socialapp"}}, {"model": "auth.permission", "pk": 45, "fields": {"name": "Can add social application token", "content_type": 12, "codename": "add_socialtoken"}}, {"model": "auth.permission", "pk": 46, "fields": {"name": "Can change social application token", "content_type": 12, "codename": "change_socialtoken"}}, {"model": "auth.permission", "pk": 47, "fields": {"name": "Can delete social application token", "content_type": 12, "codename": "delete_socialtoken"}}, {"model": "auth.permission", "pk": 48, "fields": {"name": "Can view social application token", "content_type": 12, "codename": "view_socialtoken"}}, {"model": "auth.permission", "pk": 49, "fields": {"name": "Can add user", "content_type": 13, "codename": "add_customuser"}}, {"model": "auth.permission", "pk": 50, "fields": {"name": "Can change user", "content_type": 13, "codename": "change_customuser"}}, {"model": "auth.permission", "pk": 51, "fields": {"name": "Can delete user", "content_type": 13, "codename": "delete_customuser"}}, {"model": "auth.permission", "pk": 52, "fields": {"name": "Can view user", "content_type": 13, "codename": "view_customuser"}}, {"model": "auth.permission", "pk": 53, "fields": {"name": "Can add business information", "content_type": 14, "codename": "add_businessinformation"}}, {"model": "auth.permission", "pk": 54, "fields": {"name": "Can change business information", "content_type": 14, "codename": "change_businessinformation"}}, {"model": "auth.permission", "pk": 55, "fields": {"name": "Can delete business information", "content_type": 14, "codename": "delete_businessinformation"}}, {"model": "auth.permission", "pk": 56, "fields": {"name": "Can view business information", "content_type": 14, "codename": "view_businessinformation"}}, {"model": "auth.permission", "pk": 57, "fields": {"name": "Can add address", "content_type": 15, "codename": "add_address"}}, {"model": "auth.permission", "pk": 58, "fields": {"name": "Can change address", "content_type": 15, "codename": "change_address"}}, {"model": "auth.permission", "pk": 59, "fields": {"name": "Can delete address", "content_type": 15, "codename": "delete_address"}}, {"model": "auth.permission", "pk": 60, "fields": {"name": "Can view address", "content_type": 15, "codename": "view_address"}}, {"model": "auth.permission", "pk": 61, "fields": {"name": "Can add moderation", "content_type": 16, "codename": "add_moderation"}}, {"model": "auth.permission", "pk": 62, "fields": {"name": "Can change moderation", "content_type": 16, "codename": "change_moderation"}}, {"model": "auth.permission", "pk": 63, "fields": {"name": "Can delete moderation", "content_type": 16, "codename": "delete_moderation"}}, {"model": "auth.permission", "pk": 64, "fields": {"name": "Can view moderation", "content_type": 16, "codename": "view_moderation"}}, {"model": "auth.permission", "pk": 65, "fields": {"name": "Can add product", "content_type": 17, "codename": "add_product"}}, {"model": "auth.permission", "pk": 66, "fields": {"name": "Can change product", "content_type": 17, "codename": "change_product"}}, {"model": "auth.permission", "pk": 67, "fields": {"name": "Can delete product", "content_type": 17, "codename": "delete_product"}}, {"model": "auth.permission", "pk": 68, "fields": {"name": "Can view product", "content_type": 17, "codename": "view_product"}}, {"model": "auth.permission", "pk": 69, "fields": {"name": "Can add product moderation", "content_type": 18, "codename": "add_productmoderation"}}, {"model": "auth.permission", "pk": 70, "fields": {"name": "Can change product moderation", "content_type": 18, "codename": "change_productmoderation"}}, {"model": "auth.permission", "pk": 71, "fields": {"name": "Can delete product moderation", "content_type": 18, "codename": "delete_productmoderation"}}, {"model": "auth.permission", "pk": 72, "fields": {"name": "Can view product moderation", "content_type": 18, "codename": "view_productmoderation"}}, {"model": "auth.permission", "pk": 73, "fields": {"name": "Can add recent activity", "content_type": 19, "codename": "add_recentactivity"}}, {"model": "auth.permission", "pk": 74, "fields": {"name": "Can change recent activity", "content_type": 19, "codename": "change_recentactivity"}}, {"model": "auth.permission", "pk": 75, "fields": {"name": "Can delete recent activity", "content_type": 19, "codename": "delete_recentactivity"}}, {"model": "auth.permission", "pk": 76, "fields": {"name": "Can view recent activity", "content_type": 19, "codename": "view_recentactivity"}}, {"model": "auth.permission", "pk": 77, "fields": {"name": "Can add extras", "content_type": 20, "codename": "add_extras"}}, {"model": "auth.permission", "pk": 78, "fields": {"name": "Can change extras", "content_type": 20, "codename": "change_extras"}}, {"model": "auth.permission", "pk": 79, "fields": {"name": "Can delete extras", "content_type": 20, "codename": "delete_extras"}}, {"model": "auth.permission", "pk": 80, "fields": {"name": "Can view extras", "content_type": 20, "codename": "view_extras"}}, {"model": "auth.permission", "pk": 81, "fields": {"name": "Can add cart", "content_type": 21, "codename": "add_cart"}}, {"model": "auth.permission", "pk": 82, "fields": {"name": "Can change cart", "content_type": 21, "codename": "change_cart"}}, {"model": "auth.permission", "pk": 83, "fields": {"name": "Can delete cart", "content_type": 21, "codename": "delete_cart"}}, {"model": "auth.permission", "pk": 84, "fields": {"name": "Can view cart", "content_type": 21, "codename": "view_cart"}}, {"model": "auth.permission", "pk": 85, "fields": {"name": "Can add cart extra", "content_type": 22, "codename": "add_cartextra"}}, {"model": "auth.permission", "pk": 86, "fields": {"name": "Can change cart extra", "content_type": 22, "codename": "change_cartextra"}}, {"model": "auth.permission", "pk": 87, "fields": {"name": "Can delete cart extra", "content_type": 22, "codename": "delete_cartextra"}}, {"model": "auth.permission", "pk": 88, "fields": {"name": "Can view cart extra", "content_type": 22, "codename": "view_cartextra"}}, {"model": "auth.permission", "pk": 89, "fields": {"name": "Can add wishlist", "content_type": 23, "codename": "add_wishlist"}}, {"model": "auth.permission", "pk": 90, "fields": {"name": "Can change wishlist", "content_type": 23, "codename": "change_wishlist"}}, {"model": "auth.permission", "pk": 91, "fields": {"name": "Can delete wishlist", "content_type": 23, "codename": "delete_wishlist"}}, {"model": "auth.permission", "pk": 92, "fields": {"name": "Can view wishlist", "content_type": 23, "codename": "view_wishlist"}}, {"model": "auth.permission", "pk": 93, "fields": {"name": "Can add cart addons", "content_type": 24, "codename": "add_cartaddons"}}, {"model": "auth.permission", "pk": 94, "fields": {"name": "Can change cart addons", "content_type": 24, "codename": "change_cartaddons"}}, {"model": "auth.permission", "pk": 95, "fields": {"name": "Can delete cart addons", "content_type": 24, "codename": "delete_cartaddons"}}, {"model": "auth.permission", "pk": 96, "fields": {"name": "Can view cart addons", "content_type": 24, "codename": "view_cartaddons"}}, {"model": "auth.permission", "pk": 97, "fields": {"name": "Can add addon", "content_type": 25, "codename": "add_addon"}}, {"model": "auth.permission", "pk": 98, "fields": {"name": "Can change addon", "content_type": 25, "codename": "change_addon"}}, {"model": "auth.permission", "pk": 99, "fields": {"name": "Can delete addon", "content_type": 25, "codename": "delete_addon"}}, {"model": "auth.permission", "pk": 100, "fields": {"name": "Can view addon", "content_type": 25, "codename": "view_addon"}}, {"model": "auth.permission", "pk": 101, "fields": {"name": "Can add cart delivery method", "content_type": 26, "codename": "add_cartdeliverymethod"}}, {"model": "auth.permission", "pk": 102, "fields": {"name": "Can change cart delivery method", "content_type": 26, "codename": "change_cartdeliverymethod"}}, {"model": "auth.permission", "pk": 103, "fields": {"name": "Can delete cart delivery method", "content_type": 26, "codename": "delete_cartdeliverymethod"}}, {"model": "auth.permission", "pk": 104, "fields": {"name": "Can view cart delivery method", "content_type": 26, "codename": "view_cartdeliverymethod"}}, {"model": "auth.permission", "pk": 105, "fields": {"name": "Can add cart delivery address", "content_type": 27, "codename": "add_cartdeliveryaddress"}}, {"model": "auth.permission", "pk": 106, "fields": {"name": "Can change cart delivery address", "content_type": 27, "codename": "change_cartdeliveryaddress"}}, {"model": "auth.permission", "pk": 107, "fields": {"name": "Can delete cart delivery address", "content_type": 27, "codename": "delete_cartdeliveryaddress"}}, {"model": "auth.permission", "pk": 108, "fields": {"name": "Can view cart delivery address", "content_type": 27, "codename": "view_cartdeliveryaddress"}}, {"model": "auth.permission", "pk": 109, "fields": {"name": "Can add order item", "content_type": 28, "codename": "add_orderitem"}}, {"model": "auth.permission", "pk": 110, "fields": {"name": "Can change order item", "content_type": 28, "codename": "change_orderitem"}}, {"model": "auth.permission", "pk": 111, "fields": {"name": "Can delete order item", "content_type": 28, "codename": "delete_orderitem"}}, {"model": "auth.permission", "pk": 112, "fields": {"name": "Can view order item", "content_type": 28, "codename": "view_orderitem"}}, {"model": "auth.permission", "pk": 113, "fields": {"name": "Can add order", "content_type": 29, "codename": "add_order"}}, {"model": "auth.permission", "pk": 114, "fields": {"name": "Can change order", "content_type": 29, "codename": "change_order"}}, {"model": "auth.permission", "pk": 115, "fields": {"name": "Can delete order", "content_type": 29, "codename": "delete_order"}}, {"model": "auth.permission", "pk": 116, "fields": {"name": "Can view order", "content_type": 29, "codename": "view_order"}}, {"model": "auth.permission", "pk": 117, "fields": {"name": "Can add order extra", "content_type": 30, "codename": "add_orderextra"}}, {"model": "auth.permission", "pk": 118, "fields": {"name": "Can change order extra", "content_type": 30, "codename": "change_orderextra"}}, {"model": "auth.permission", "pk": 119, "fields": {"name": "Can delete order extra", "content_type": 30, "codename": "delete_orderextra"}}, {"model": "auth.permission", "pk": 120, "fields": {"name": "Can view order extra", "content_type": 30, "codename": "view_orderextra"}}, {"model": "auth.permission", "pk": 121, "fields": {"name": "Can add order addons", "content_type": 31, "codename": "add_orderaddons"}}, {"model": "auth.permission", "pk": 122, "fields": {"name": "Can change order addons", "content_type": 31, "codename": "change_orderaddons"}}, {"model": "auth.permission", "pk": 123, "fields": {"name": "Can delete order addons", "content_type": 31, "codename": "delete_orderaddons"}}, {"model": "auth.permission", "pk": 124, "fields": {"name": "Can view order addons", "content_type": 31, "codename": "view_orderaddons"}}, {"model": "auth.permission", "pk": 125, "fields": {"name": "Can add order address", "content_type": 32, "codename": "add_orderaddress"}}, {"model": "auth.permission", "pk": 126, "fields": {"name": "Can change order address", "content_type": 32, "codename": "change_orderaddress"}}, {"model": "auth.permission", "pk": 127, "fields": {"name": "Can delete order address", "content_type": 32, "codename": "delete_orderaddress"}}, {"model": "auth.permission", "pk": 128, "fields": {"name": "Can view order address", "content_type": 32, "codename": "view_orderaddress"}}, {"model": "auth.permission", "pk": 129, "fields": {"name": "Can add business transaction", "content_type": 33, "codename": "add_businesstransaction"}}, {"model": "auth.permission", "pk": 130, "fields": {"name": "Can change business transaction", "content_type": 33, "codename": "change_businesstransaction"}}, {"model": "auth.permission", "pk": 131, "fields": {"name": "Can delete business transaction", "content_type": 33, "codename": "delete_businesstransaction"}}, {"model": "auth.permission", "pk": 132, "fields": {"name": "Can view business transaction", "content_type": 33, "codename": "view_businesstransaction"}}, {"model": "auth.permission", "pk": 133, "fields": {"name": "Can add business wallet", "content_type": 34, "codename": "add_businesswallet"}}, {"model": "auth.permission", "pk": 134, "fields": {"name": "Can change business wallet", "content_type": 34, "codename": "change_businesswallet"}}, {"model": "auth.permission", "pk": 135, "fields": {"name": "Can delete business wallet", "content_type": 34, "codename": "delete_businesswallet"}}, {"model": "auth.permission", "pk": 136, "fields": {"name": "Can view business wallet", "content_type": 34, "codename": "view_businesswallet"}}, {"model": "auth.permission", "pk": 137, "fields": {"name": "Can add user wallet", "content_type": 35, "codename": "add_userwallet"}}, {"model": "auth.permission", "pk": 138, "fields": {"name": "Can change user wallet", "content_type": 35, "codename": "change_userwallet"}}, {"model": "auth.permission", "pk": 139, "fields": {"name": "Can delete user wallet", "content_type": 35, "codename": "delete_userwallet"}}, {"model": "auth.permission", "pk": 140, "fields": {"name": "Can view user wallet", "content_type": 35, "codename": "view_userwallet"}}, {"model": "auth.permission", "pk": 141, "fields": {"name": "Can add email confirmation", "content_type": 36, "codename": "add_emailconfirmation"}}, {"model": "auth.permission", "pk": 142, "fields": {"name": "Can change email confirmation", "content_type": 36, "codename": "change_emailconfirmation"}}, {"model": "auth.permission", "pk": 143, "fields": {"name": "Can delete email confirmation", "content_type": 36, "codename": "delete_emailconfirmation"}}, {"model": "auth.permission", "pk": 144, "fields": {"name": "Can view email confirmation", "content_type": 36, "codename": "view_emailconfirmation"}}, {"model": "auth.permission", "pk": 145, "fields": {"name": "Can add social account", "content_type": 37, "codename": "add_socialaccount"}}, {"model": "auth.permission", "pk": 146, "fields": {"name": "Can change social account", "content_type": 37, "codename": "change_socialaccount"}}, {"model": "auth.permission", "pk": 147, "fields": {"name": "Can delete social account", "content_type": 37, "codename": "delete_socialaccount"}}, {"model": "auth.permission", "pk": 148, "fields": {"name": "Can view social account", "content_type": 37, "codename": "view_socialaccount"}}, {"model": "auth.permission", "pk": 149, "fields": {"name": "Can add social application", "content_type": 38, "codename": "add_socialapp"}}, {"model": "auth.permission", "pk": 150, "fields": {"name": "Can change social application", "content_type": 38, "codename": "change_socialapp"}}, {"model": "auth.permission", "pk": 151, "fields": {"name": "Can delete social application", "content_type": 38, "codename": "delete_socialapp"}}, {"model": "auth.permission", "pk": 152, "fields": {"name": "Can view social application", "content_type": 38, "codename": "view_socialapp"}}, {"model": "auth.permission", "pk": 153, "fields": {"name": "Can add social application token", "content_type": 39, "codename": "add_socialtoken"}}, {"model": "auth.permission", "pk": 154, "fields": {"name": "Can change social application token", "content_type": 39, "codename": "change_socialtoken"}}, {"model": "auth.permission", "pk": 155, "fields": {"name": "Can delete social application token", "content_type": 39, "codename": "delete_socialtoken"}}, {"model": "auth.permission", "pk": 156, "fields": {"name": "Can view social application token", "content_type": 39, "codename": "view_socialtoken"}}, {"model": "auth.group", "pk": 1, "fields": {"name": "admin", "permissions": [29, 30, 31, 32, 25, 26, 27, 28, 49, 50, 51, 52, 33, 34, 35, 36, 37, 38, 39, 40, 41, 42, 43, 44, 45, 46, 47, 48, 1, 2, 3, 4, 13, 14, 15, 16, 21, 22, 23, 24, 17, 18, 19, 20, 5, 6, 7, 8, 9, 10, 11, 12]}}, {"model": "auth.group", "pk": 2, "fields": {"name": "customer", "permissions": []}}, {"model": "auth.group", "pk": 3, "fields": {"name": "business", "permissions": []}}, {"model": "auth.group", "pk": 4, "fields": {"name": "moderator", "permissions": []}}, {"model": "auth.group", "pk": 5, "fields": {"name": "courier", "permissions": []}}, {"model": "auth.user", "pk": 1, "fields": {"password": "pbkdf2_sha256$870000$nIH31P4rvQpvolmYUyKrng$I/bQc5pmkSqmUOJyHeLP//VdMXmkhBKEP04dSFgdWyE=", "last_login": "2025-05-24T23:21:03.524Z", "is_superuser": true, "username": "six", "first_name": "", "last_name": "", "email": "six@gmail.com", "is_staff": true, "is_active": true, "date_joined": "2024-11-11T14:40:34Z", "groups": [3, 4], "user_permissions": []}}, {"model": "auth.user", "pk": 3, "fields": {"password": "pbkdf2_sha256$870000$WaIebIipZ5zcoakzvQLYr9$B4L+etqpVL94ktvF1kCwGhgi51Nl42c9xvfyCJCS2PE=", "last_login": "2025-03-23T17:30:37.492Z", "is_superuser": true, "username": "six6", "first_name": "Six", "last_name": "Skies", "email": "sixskies25@gmail.com", "is_staff": true, "is_active": true, "date_joined": "2024-11-14T16:16:56Z", "groups": [1, 4], "user_permissions": []}}, {"model": "auth.user", "pk": 6, "fields": {"password": "pbkdf2_sha256$870000$BhudpzvAQx2BnpvOxIEXAy$+OgFUhSkPjM8hwLZxaVlTXnU+y5lQcqeyqEO17P7EOA=", "last_login": "2025-10-23T14:54:46.820Z", "is_superuser": false, "username": "adivhaho", "first_name": "Adivhaho", "last_name": "Nengovhela", "email": "221649921@edu.vut.ac.za", "is_staff": false, "is_active": true, "date_joined": "2024-12-02T16:13:29Z", "groups": [3], "user_permissions": []}}, {"model": "auth.user", "pk": 8, "fields": {"password": "pbkdf2_sha256$870000$fYasS4xvT5l6xTstZjc3Ax$qYE7sYoJnz4PfVZOkEVtQgBwYN6kxXncjW6pBSTcS+o=", "last_login": null, "is_superuser": false, "username": "jefferson", "first_name": "", "last_name": "", "email": "adivhaho.uchiha01@gmail.com", "is_staff": false, "is_active": false, "date_joined": "2025-04-08T08:44:52.078Z", "groups": [], "user_permissions": []}}, {"model": "auth.user", "pk": 9, "fields": {"password": "pbkdf2_sha256$600000$q9FcKQnxCC9c9cC9dfplUw$XSo2aX/QCmy1Gq4tXvRN0/SSg5Y7AW4r7JgnosyAsz8=", "last_login": "2025-07-02T13:17:30.572Z", "is_superuser": false, "username": "onalenna", "first_name": "", "last_name": "", "email": "onalennahamese07@gmail.com", "is_staff": false, "is_active": true, "date_joined": "2025-04-09T06:54:55.719Z", "groups": [2, 3], "user_permissions": []}}, {"model": "auth.user", "pk": 10, "fields": {"password": "pbkdf2_sha256$600000$xCsuey1N5Wmm9FMrolhBM8$S5ShvezY+ct2lnTP6M553eAfAWkjvJMqSlLNO1eqgXk=", "last_login": "2025-04-18T21:26:02.919Z", "is_superuser": false, "username": "ona", "first_name": "", "last_name": "", "email": "yeppp285@gmail.com", "is_staff": false, "is_active": true, "date_joined": "2025-04-18T21:21:25.151Z", "groups": [2], "user_permissions": []}}, {"model": "auth.user", "pk": 11, "fields": {"password": "pbkdf2_sha256$870000$zTASIU2LYfrvgpM34PB8Mn$TJd8ksqUz/J+H7uemz+m24ll2pdRy8jPPANZwloewW8=", "last_login": "2025-05-27T18:10:44.811Z", "is_superuser": false, "username": "ndivhuwo", "first_name": "NDIVHUWO", "last_name": "NEMBILWI", "email": "nembilwinm067@gmail.com", "is_staff": false, "is_active": true, "date_joined": "2025-05-27T18:03:30.409Z", "groups": [2], "user_permissions": []}}, {"model": "contenttypes.contenttype", "pk": 1, "fields": {"app_label": "user", "model": "cart"}}, {"model": "contenttypes.contenttype", "pk": 2, "fields": {"app_label": "user", "model": "cartextra"}}, {"model": "contenttypes.contenttype", "pk": 3, "fields": {"app_label": "user", "model": "wishlist"}}, {"model": "contenttypes.contenttype", "pk": 4, "fields": {"app_label": "user", "model": "cartaddons"}}, {"model": "contenttypes.contenttype", "pk": 5, "fields": {"app_label": "user", "model": "cartdeliverymethod"}}, {"model": "contenttypes.contenttype", "pk": 6, "fields": {"app_label": "user", "model": "cartdeliveryaddress"}}, {"model": "contenttypes.contenttype", "pk": 7, "fields": {"app_label": "seller", "model": "businessinformation"}}, {"model": "contenttypes.contenttype", "pk": 8, "fields": {"app_label": "seller", "model": "address"}}, {"model": "contenttypes.contenttype", "pk": 9, "fields": {"app_label": "seller", "model": "moderation"}}, {"model": "contenttypes.contenttype", "pk": 10, "fields": {"app_label": "seller", "model": "product"}}, {"model": "contenttypes.contenttype", "pk": 11, "fields": {"app_label": "seller", "model": "productmoderation"}}, {"model": "contenttypes.contenttype", "pk": 12, "fields": {"app_label": "seller", "model": "recentactivity"}}, {"model": "contenttypes.contenttype", "pk": 13, "fields": {"app_label": "seller", "model": "extras"}}, {"model": "contenttypes.contenttype", "pk": 14, "fields": {"app_label": "seller", "model": "addon"}}, {"model": "contenttypes.contenttype", "pk": 15, "fields": {"app_label": "seller", "model": "order"}}, {"model": "contenttypes.contenttype", "pk": 16, "fields": {"app_label": "seller", "model": "orderextra"}}, {"model": "contenttypes.contenttype", "pk": 17, "fields": {"app_label": "seller", "model": "orderitem"}}, {"model": "contenttypes.contenttype", "pk": 18, "fields": {"app_label": "seller", "model": "orderaddons"}}, {"model": "contenttypes.contenttype", "pk": 19, "fields": {"app_label": "seller", "model": "orderaddress"}}, {"model": "contenttypes.contenttype", "pk": 20, "fields": {"app_label": "seller", "model": "businessrating"}}, {"model": "contenttypes.contenttype", "pk": 21, "fields": {"app_label": "transactions", "model": "businesstransaction"}}, {"model": "contenttypes.contenttype", "pk": 22, "fields": {"app_label": "transactions", "model": "businesswallet"}}, {"model": "contenttypes.contenttype", "pk": 23, "fields": {"app_label": "transactions", "model": "userwallet"}}, {"model": "contenttypes.contenttype", "pk": 24, "fields": {"app_label": "transactions", "model": "deliverytransaction"}}, {"model": "contenttypes.contenttype", "pk": 25, "fields": {"app_label": "transactions", "model": "deliverywallet"}}, {"model": "contenttypes.contenttype", "pk": 26, "fields": {"app_label": "courier", "model": "courier"}}, {"model": "contenttypes.contenttype", "pk": 27, "fields": {"app_label": "courier", "model": "orderdelivery"}}, {"model": "contenttypes.contenttype", "pk": 28, "fields": {"app_label": "admin", "model": "logentry"}}, {"model": "contenttypes.contenttype", "pk": 29, "fields": {"app_label": "auth", "model": "permission"}}, {"model": "contenttypes.contenttype", "pk": 30, "fields": {"app_label": "auth", "model": "group"}}, {"model": "contenttypes.contenttype", "pk": 31, "fields": {"app_label": "auth", "model": "user"}}, {"model": "contenttypes.contenttype", "pk": 32, "fields": {"app_label": "contenttypes", "model": "contenttype"}}, {"model": "contenttypes.contenttype", "pk": 33, "fields": {"app_label": "sessions", "model": "session"}}, {"model": "contenttypes.contenttype", "pk": 34, "fields": {"app_label": "sites", "model": "site"}}, {"model": "contenttypes.contenttype", "pk": 35, "fields": {"app_label": "account", "model": "emailaddress"}}, {"model": "contenttypes.contenttype", "pk": 36, "fields": {"app_label": "account", "model": "emailconfirmation"}}, {"model": "contenttypes.contenttype", "pk": 37, "fields": {"app_label": "socialaccount", "model": "socialaccount"}}, {"model": "contenttypes.contenttype", "pk": 38, "fields": {"app_label": "socialaccount", "model": "socialapp"}}, {"model": "contenttypes.contenttype", "pk": 39, "fields": {"app_label": "socialaccount", "model": "socialtoken"}}, {"model": "sessions.session", "pk": "126urrmwkc2up62wp3va3lh88m3j30os", "fields": {"session_data": "e30:1tGlXk:Kwu4eNUS2GyAJ1lqLrgA_WgW2OJIloQmWfZ_Y7zT6Yw", "expire_date": "2024-12-12T20:55:20.568Z"}}, {"model": "sessions.session", "pk": "14wg69ghnrn3h431f4kv5ncbiqlj16vh", "fields": {"session_data": ".eJxVjEEKwyAQAP_iuYi6QU2PvfcNsu5qTVsUYnIK_XsRcmivM8McIuC-lbD3tIaFxVU4cfllEemV6hD8xPpoklrd1iXKkcjTdnlvnN63s_0bFOxlbJ1WOCc3MyjmTEjeaNKeCaakwHrFEay23gFoVGgcZrRAJtrJsMri8wXjdze9:1tmXmf:MVqSknAxjF7y5usgtxmMrFlFOmcnjl15cRD5yMavWLo", "expire_date": "2025-03-10T12:42:05.046Z"}}, {"model": "sessions.session", "pk": "14z4ru5p8jj0awhfjd6sf5tnycjkikzm", "fields": {"session_data": ".eJxVj0tuhDAQRO_Sa4Lc_g7skmtEEWp_EGgYHGGTDeLuMYQs2LWq65WqNkjRjTSRc3Gdc5cy5ZCg3fYK_jVa8xDmPDrKY5y7V8hD9MXzucHfDe09BQqboUUjJFdGaVFzLhnjFXwv8Wf0YSnEi5ZnyG9SokJZiHU8chAN0w8pDXKhBNOCS6lg_6rgrNGtKSzd6dRw0yy5Z5iPB03TIddXmfr0XO9Uv9_GfFzULWqgNJQcZqxTvPEoiCw6axpSuszxgXnPrMO-1HQovLMuBCGxb9QDG6sss9hbDfsv86dyLg:1tMlcB:o65czOlslpGYwd02zss8Vi9psMKer8pDDbRqafrz-YU", "expire_date": "2024-12-29T10:12:43.540Z"}}, {"model": "sessions.session", "pk": "1awtqrug49gcthi52f92lhfhptrnrkdu", "fields": {"session_data": ".eJxVj01uhDAMhe_iNUU4iZ3Arr1GVaEQMgINQyoSukHcvYHSBTvr_Xx63iAGN9rJOhfWObUx2eQjNNtewL9m1zT4OY3OpjHM7cunIfQ587nB3w3NnQK5m6BBrYQmFIJK0swSTQHfS_gZe7_kyssuT5_elEJClSvreIAQdcVGKY1CkqxYCqUI9q8Czh3tGv3SnkmGm9ZZ9_TzYdhpOuTyWlOemcuO5fvtm4-rdUMNNg4HhwitcUyWUSiUD1l7QVSz6CpHbFhgrzjvM0b62nS9qPJW3ztmfGhVwf4LCe1wHw:1twPCj:5xZvyaWpIzzyHiMTpqg8MGTCBlDMfegO6f5niR34El0", "expire_date": "2025-04-06T17:33:45.689Z"}}, {"model": "sessions.session", "pk": "1u54u4dyzn6pbzo84s6s6bbloofr0m1u", "fields": {"session_data": ".eJxVj01uhDAMhe_iNUVx4pjArr1GVaEQMgINQyoSukHcvYHSBTvr_Xx63iAGN9rJOhfWObUx2eQjNNtewL9m1zT4OY3OpjHM7cunIfQ587nB3w3NnQK5m6DBiiSS0kKXFaMykgv4XsLP2PslV152efr0RoQaKVfW8QAhVoINUYVSaSVYSSIN-1cB5452jX5pzyTDTeuse_r5MOw0HXJ5rSnPzGXH8v32zcfVuqEGG4eDozVa41hbRkmoHqr2UuuaZSecZsMSe-K8zxjla9P1UuStvnfM-KhIwP4LAxNwGA:1ttr6n:JsLyRr0tkCfy-_EfDwTvRKtB5_ZZ6EKw-SiRC5iNoBM", "expire_date": "2025-03-30T16:45:05.896Z"}}, {"model": "sessions.session", "pk": "25e4m1svzg4pgsv4s0c7lzorfuwc2y53", "fields": {"session_data": ".eJxVj01uhTAMhO_iNUX5cQh5u_YaVYUcJwj0eFCR0A3i7gVKF-ysmflG4xXSxD0NxDwtY25SphwTPNatgH-NltzFMfdMuZ_G5hVzN4U987nC3w2PewvsbIaHtCgdokBZClM7pW0B3_P004c478iL5mfMb4jSSNyRpT-KpKhQGINSKMRaoLHoNGxfBZw7miXFuTmTGm6aJ37G8TBoGA65vNaUZ-ayU_l---bjom5VHaVu7wmWg_QGg0Vy6NqgWbTKeheDi5Xm0IaglaDaM1doKfoKvbPBtUpZzRVsv2q5csc:1tt1Dd:lGjyru5za6vwr0jbVPjFiywdJDGGzaSVFK2EDLEz9Z0", "expire_date": "2025-03-28T09:20:41.141Z"}}, {"model": "sessions.session", "pk": "4h82nv1n0kntdscw4rlni3xk39sm7hw6", "fields": {"session_data": ".eJxVj0tuhDAQRO_Sa4L8adtjdsk1ogi1Pwg0DI6wyQZx9wAhC3atqnql6hVy8gON5H1aptLmQiVmaNatgn-NltLHqQyeypCm9hVLn8Ke-Vzh74bm3gI7W6DhBrmQTGteS6WtNaqC7zn9DCHOO_Ki-RnLGyJXHHdkGY4izjQypZAzgfhgqAxaCdtXBeeOdslxbs-khJvmyD_jdBg0jodcX2vqM3PZuX6_ffNxUbeqnnK_9wTjA3cKg0GyaLsgPeuEcTYGG7X0oQtBCkYP571GQ9FpdNYE2wlhpNew_QJwNnLN:1tq1dV:9MrIfGh8COPfPU9suXdmfybktGW_f3TuMV7vXzX1Sb0", "expire_date": "2025-03-20T03:11:01.480Z"}}, {"model": "sessions.session", "pk": "4yw4qrfj2ed0wy3pfxeeiwz6txmsg1vt", "fields": {"session_data": ".eJxVj0tuhDAQRO_Sa4L8aduYXXKNaITaHwQaBiJsZoO4e4CQBbtWVb1S9Qpp8j0N5P20jLlJmXJMUK9bAf8aLbmLY-495X4am1fM3RT2zPcKfzfU9xbY2Qw1N8i1tIiqrNCKyooCfubp3Yc478iL5mfMH4hccdyRpT-KONPIlELOBGLFUBm0ErZHAeeOZklxbs6khJvmyD_jeBg0DIdcXmvKM3PZqfy8ffN1UbeqjlK39wTjA3cKg0GyaNsgPWuFcTYGG7X0oQ1BCkaV816joeg0OmuCbYUw0mvYfgF7MnLY:1trjyn:uy2meu3luHl0UnQOdxbBREmcjxw3RGouAKqDXmEBt0g", "expire_date": "2025-03-24T20:44:05.926Z"}}, {"model": "sessions.session", "pk": "7ohng5ojz76av6tcoym17v02fg0u7w3j", "fields": {"session_data": ".eJxVj8FuhiAQhN9lz9awsIB4-_saTWMAaTS_vzSCvRjfvWjtwdtmdr7JzAYp-tFO1vu4zrlL2eaQoN32Cv41u-YhzHn0No9x7l4hD7Evno8N_m5o7ylQ2AwtasWM4kJjjaRMI0wF30v8GfuwFORll2fIb0QokQqyjkcQomaqIdLIhRRMCU4kYf-s4OzRrSks3elUcNOc9c8wHw87TYdcX23q03O9U_24rXm_qFvUYNNQcgR9Se-kxp7J4FzDuOGoPHHWcKNU443VGHrLhCd0uswlJ3wvtDPkgtaw_wIu73EQ:1vAokt:RUNQxlgUTyN5tO4AWuJ0PrQ7wXNPF1Zor0oxeTaiT28", "expire_date": "2025-11-03T12:12:51.805Z"}}, {"model": "sessions.session", "pk": "7vxjym3u7m77gyyxotu1pqk88rqzt5a9", "fields": {"session_data": ".eJxVj0FuhTAMRO_iNUU4sU1g116jqlAI-QJ9PlQkdIO4ewOlC3bWeN5oZoMwu8GO1rl5nWIToo0-QL3tGfxrdo29n-LgbBzmqXn52M9d8nxu8HdDfU-BxEaosSSsyoKI8goVC1IG38v8M3R-ScjLLk8f34iQkRKyDkcQYlmIISpRadaFaEXEsH9lcPZo1uCX5nQK3LTWuqefjocdx0POrzb56bneIX-_rfm4qFtUb0N_5DCjNU7YCipC_dCVV8yVqLZwLEYUdiSpnzHaV6btVNrKvnMi-CipgP0XBz5wHA:1tt85V:5nboVWE-y5Uc7Bkjq8cbEJ_MrGtBFqiHbPw-CsCHmMg", "expire_date": "2025-03-28T16:40:45.011Z"}}, {"model": "sessions.session", "pk": "a8fxze1dponqztamv8keyzvof21ium7w", "fields": {"session_data": ".eJxVjDsOwjAQBe_iGlmRvV5vKOk5g7XrDw4gR4qTCnF3iJQC2jcz76UCb2sNW89LmJI6q1Gdfjfh-MhtB-nO7TbrOLd1mUTvij5o19c55eflcP8OKvf6rcVAIbHIKIa5mCQIA0QG4wd0mcYCEY0n74QTWmedk0hcIDsCjqTeH--yOA0:1u62E9:vQbDb3LnFd51enoskzPs1wuMuzUiwLfE-y-0TGt3rbA", "expire_date": "2025-05-03T07:03:01.887Z"}}, {"model": "sessions.session", "pk": "ajth74n67la76sncptq8q1juypiun9zl", "fields": {"session_data": ".eJxVjEEOwiAQRe_C2pCWgQIu3XsGMgyDVA0kpV0Z765NutDtf-_9lwi4rSVsnZcwJ3EWRpx-t4j04LqDdMd6a5JaXZc5yl2RB-3y2hI_L4f7d1Cwl289WG9AWxWBCAxptJDzpKzj5KybVIbICbW3YwSvtHEOBwLPXjnCkVG8P8yGN4w:1tI2Dn:uiRM3wSA6Nj5QnF9SYih-ZKtDo0_MhVb_rUbkgeCZEs", "expire_date": "2024-12-16T08:55:59.431Z"}}, {"model": "sessions.session", "pk": "d72c0iv1o42mxonkl0shoeut15761llp", "fields": {"session_data": ".eJxVjDsOwyAQBe9CHSGMzS9lep8B7cISnEQgGbuKcvdgyUXSzsx7b-Zh37LfG61-iezKHLv8MoTwpHKI-IByrzzUsq0L8iPhp218rpFet7P9O8jQcl-jnpAcqmSEsQlFJDcmq8IgOiYYJUnpsCspBj2BSDoijRYCWWWSjOzzBQF7OKU:1uJUA2:Zuq44kde7JkhsnpyWg_divGaH0zMggeHehdaOfXYUQU", "expire_date": "2025-06-09T09:30:22.530Z"}}, {"model": "sessions.session", "pk": "di5t64r3763pwstld6qtx0o6ptkt7fmw", "fields": {"session_data": ".eJxVjDsOwyAQBe9CHSGMzS9lep8B7cISnEQgGbuKcvdgyUXSzsx7b-Zh37LfG61-iezKHLv8MoTwpHKI-IByrzzUsq0L8iPhp218rpFet7P9O8jQcl-jnpAcqmSEsQlFJDcmq8IgOiYYJUnpsCspBj2BSDoijRYCWWWSjOzzBQF7OKU:1u7POT:PaavXiWIbkq97_Hwn0w8qR3UmT4QgIcDYdjsGoJEh6o", "expire_date": "2025-05-07T01:59:21.236Z"}}, {"model": "sessions.session", "pk": "dn3h45kj72jbhhof2q9e50nv37oyuyy7", "fields": {"session_data": ".eJxVjEEOwiAQRe_C2pCZQhFcuu8ZCAOMVA0kpV0Z765NutDtf-_9l_BhW4vfel78nMRFaHH63SjER647SPdQb03GVtdlJrkr8qBdTi3l5_Vw_w5K6OVbIwFpMOgInUmKAEdrARSMkYxiVNoC82AZwRIoDjk7IE5nMAYHTeL9AbY7NvI:1tI2So:VSJlUt0l-YDRjfaqABbVauaT7v3AXHGIK-Azz5gvfb4", "expire_date": "2024-12-16T09:11:30.854Z"}}, {"model": "sessions.session", "pk": "e0tcmsuge21uyjzim0yr445dg4v020ou", "fields": {"session_data": "e30:1tGlJd:I3Uaw-Wo4KbHm6sK57XWxncSGu-UZ5IqbcDOVI9bdjI", "expire_date": "2024-12-12T20:40:45.021Z"}}, {"model": "sessions.session", "pk": "glkqfsmw0f7ghzroeggaiyrx7253k5p6", "fields": {"session_data": ".eJxVjEEOwiAQRe_C2pCWgQIu3XsGMgyDVA0kpV0Z765NutDtf-_9lwi4rSVsnZcwJ3EWRpx-t4j04LqDdMd6a5JaXZc5yl2RB-3y2hI_L4f7d1Cwl289WG9AWxWBCAxptJDzpKzj5KybVIbICbW3YwSvtHEOBwLPXjnCkVG8P8yGN4w:1tKjQC:ItuMQuqPIXvFyFFAnI8iS-jjANaeev3EA3mWPlpgMFE", "expire_date": "2024-12-23T19:27:56.144Z"}}, {"model": "sessions.session", "pk": "goy3z47izmtj8urir6bxxaq78ony8t3z", "fields": {"session_data": ".eJxVj01uhTAMhO_iNUX5cWLC7vUaVYWckAr0eFCR0A3i7gVKF-ysmflG4xXSFHoeOIRpGXOTMueYoF63Av41XnIXx9wHzv00Nq-Yu6ndMx8r_N1Q31tgZzPUktAJazS5kipDxqgCvufpp2_jvCMvnp8xvyFKI3FHlv4okpKErRBJKm20sFohGtg-Czh3NEuKc3MmLdw0z-EZx8PgYTjk8lpTnpnLTuXj9s37Rd2qOk7d3qPxywRvSLbCRO8roZySNqASlXLWVsExydiy0AGlJ0kWvQ6tJu_QRyLYfgE27XEY:1uMtnw:TJR5FfFYYYCGc5YmkAgulNfPaZHX2pd_0RQAqB6cx4A", "expire_date": "2025-06-18T19:29:40.526Z"}}, {"model": "sessions.session", "pk": "hbyhlurd09qyc074asjnchos803v2mh4", "fields": {"session_data": ".eJxVjMsOwiAQRf-FtSE8AhSX7v0GMsMMUjWQlHZl_Hdt0oVu7znnvkSCba1pG7ykmcRZGHH63RDyg9sO6A7t1mXubV1mlLsiDzrktRM_L4f7d1Bh1G-tNFBAbw2gi5iVitkoxxZC8OjRTS4CFwTtc8l6CmwNAQZNPhZGq8T7A-57OIE:1tJ8Y7:iiI9bFeY0oP_DRQD-BbdmZvBMZ-CSKextsQnj1HXXE8", "expire_date": "2024-12-19T09:53:31.540Z"}}, {"model": "sessions.session", "pk": "hr7pvl8sbtt9uj82to6xiu0omjynxq7d", "fields": {"session_data": ".eJxVjDsOwyAQBe9CHSGMzS9lep8B7cISnEQgGbuKcvdgyUXSzsx7b-Zh37LfG61-iezKHLv8MoTwpHKI-IByrzzUsq0L8iPhp218rpFet7P9O8jQcl-jnpAcqmSEsQlFJDcmq8IgOiYYJUnpsCspBj2BSDoijRYCWWWSjOzzBQF7OKU:1uWxL8:yKmkq1sw-jW7Qe_MOuAOagav6UvUOz2sOUe4O_TRA6Q", "expire_date": "2025-07-16T13:17:30.888Z"}}, {"model": "sessions.session", "pk": "jdc5znmqprl0cdpzgytks61inttno1h3", "fields": {"session_data": ".eJxVjDsOwjAQBe_iGlmRvV5vKOk5g7XrDw4gR4qTCnF3iJQC2jcz76UCb2sNW89LmJI6q1Gdfjfh-MhtB-nO7TbrOLd1mUTvij5o19c55eflcP8OKvf6rcVAIbHIKIa5mCQIA0QG4wd0mcYCEY0n74QTWmedk0hcIDsCjqTeH--yOA0:1u2m4g:yz_ipoDz28Unn555HT-DQey5cyTcCSGrpkBbNJRApTE", "expire_date": "2025-04-24T07:11:46.801Z"}}, {"model": "sessions.session", "pk": "l7p6ht4ox8xl7c3709ljcx3ei7jsqy8t", "fields": {"session_data": "e30:1tGlpl:9l5lKHG2vc2hozIxN7w6T2iWuWKFP3UO941p7hOdIDY", "expire_date": "2024-12-12T21:13:57.628Z"}}, {"model": "sessions.session", "pk": "lhhmupvf03w3q0ntvjjptd0l5aa2j4l7", "fields": {"session_data": "e30:1tGlk9:HEye7lcFmrSKImVwG2b2LBJnydXNNck-8adVcbNF8y4", "expire_date": "2024-12-12T21:08:09.713Z"}}, {"model": "sessions.session", "pk": "ljjjqsij5vfr947yt20wdu50zsg2q41m", "fields": {"session_data": ".eJxVjEEOwiAQRe_C2pCZQhFcuu8ZCAOMVA0kpV0Z765NutDtf-_9l_BhW4vfel78nMRFaHH63SjER647SPdQb03GVtdlJrkr8qBdTi3l5_Vw_w5K6OVbIwFpMOgInUmKAEdrARSMkYxiVNoC82AZwRIoDjk7IE5nMAYHTeL9AbY7NvI:1tLtQR:blHZmf6fBFbgCFanNlF6KcfHLB_Z3xCNURngyHG_IEY", "expire_date": "2024-12-27T00:20:59.932Z"}}, {"model": "sessions.session", "pk": "m2s2ch7k27dicoq15i7iuiiluq1bm2mo", "fields": {"session_data": "e30:1tGlNA:RpeyxHhyi29EUTQk3XKzz7DeZXAaFaQdnM4r71bAFWA", "expire_date": "2024-12-12T20:44:24.678Z"}}, {"model": "sessions.session", "pk": "mwiyqdzucpv5uwv4z1nuphg93mran1ai", "fields": {"session_data": "e30:1tAZwh:gM9W2_4iqcQN9xp0xDP3kjz9dl7fTaWuYzSzh4thruw", "expire_date": "2024-11-25T19:19:31.207Z"}}, {"model": "sessions.session", "pk": "nm517ymslb8incv0j25j7znlvs6fdhd2", "fields": {"session_data": "e30:1tGlK2:o3Pe3DRjBhfJo_s7kaYP1FilwTKQ4XrzMX5oiTBIn_Q", "expire_date": "2024-12-12T20:41:10.602Z"}}, {"model": "sessions.session", "pk": "nq3m6ivy9tnkmila76u8agh1ghmilwhr", "fields": {"session_data": ".eJxVj0tuhDAQRO_Sa4L8aX9gN7lGFKG2cQQaBkfYZIO4ewwhC3at6nqlqg1S9CNN5H1c59ylTDkkaLe9gn-N1jyEOY-e8hjn7hXyEPvi-djg74b2ngKFzdByo7mQXFhdC41WClnB9xJ_xj4sBXnR8gz5DZErjgVZxyOIc8O0RTQFVZJpKRAV7J8VnD26NYWlO50abpoj_wzz8aBpOuT6alOfnuud6sdtzftF3aIGSkPJkfilvFOG90wF5ywTjeDao2BWNFpb35DhoScmPXJnylx00vfSuAZdMAb2Xx6TcP8:1vBwiE:QOimFYl0MpVKx4vCzENB9km4SZO7zH5HPYe9AfrYx4g", "expire_date": "2025-11-06T14:54:46.903Z"}}, {"model": "sessions.session", "pk": "oi36hmiu2e2bak4nuqqoftd85977zbh4", "fields": {"session_data": ".eJxVjDsOwjAQBe_iGlmxvbYTSnrOYO0PEkCJFCcV4u7IUgpo38y8tym4b2PZq65lEnM2zpx-N0J-6tyAPHC-L5aXeVsnsk2xB632uoi-Lof7dzBiHVudMxCoEPjBRZ_ZYYLokg834Y6VKWjnFcBzQNdT8ENKSAjQZ4mDmM8X3m03wg:1uIyAp:VGf0JqydHzg0-mWh17vKC5JggqzKXQpe2H_49IOn1c4", "expire_date": "2025-06-07T23:21:03.819Z"}}, {"model": "sessions.session", "pk": "ov5ej0ufd9jtop80sl5cu05s3ghujmk1", "fields": {"session_data": ".eJxVjEEKwyAQAP_iuYi6QU2PvfcNsu5qTVsUYnIK_XsRcmivM8McIuC-lbD3tIaFxVU4cfllEemV6hD8xPpoklrd1iXKkcjTdnlvnN63s_0bFOxlbJ1WOCc3MyjmTEjeaNKeCaakwHrFEay23gFoVGgcZrRAJtrJsMri8wXjdze9:1tmVEk:Irnyl01iNyTIrkeVOw1eCVHaBnfgB83pVZXEAtvWeMY", "expire_date": "2025-03-10T09:58:54.839Z"}}, {"model": "sessions.session", "pk": "oygqq48h3tra72sxa1kriw4e5zn7actu", "fields": {"session_data": ".eJxVj0FuhTAMRO_iNUVx4oTArr1GVSET8gX6fFKR0A3i7g2ULthZ43mjmQ1icCNP7FxY59TGxMlHaLa9gH-N1zT4OY2O0xjm9uXTEPrs-dzg74bmngKZTdBgRVJZEkSlVSQUUQHfS_gZe79k5MXL06c3ItRIGVnHIwixEsYSVSiVVsIoSaRh_yrg7NGu0S_t6TRw0zp2Tz8fD56mQy6vNuXpud6xfL-t-bioW9TAcThytEa2zmg2KAnVQ9Veal0b2QmnjTUSezK5n7XK17brZZ6qfe-MwUdFAvZfAWJwFg:1turgS:GUT44KDAJ7l_in-aR7OPs5OQO5YvpyD11mvwKTUXGpk", "expire_date": "2025-04-02T11:34:04.906Z"}}, {"model": "sessions.session", "pk": "pxfd2c0upu4jf6gu4eb39vtt4k8gao30", "fields": {"session_data": ".eJxVj01uhDAMhe_iNUU4iU1g116jqpAJGYGGgYqEbhB3b6B0wc56P5-eNwizG2QU5-Z1ik2IEn2Aetsz-Ndkjb2f4uAkDvPUvHzs5y5lPjf4u6G-UyB1I9RYGsWkrbI5UanJ6gy-l_ln6PySKi9Znj6-GYOEJlXW4QAhlgVbY0pUmnTBWhlDsH9lcO5o1uCX5kwy3LRW3NNPhyHjeMj5tSY_M5cd8vfbNx9X64bqJfQHhwjFOiZhVAb1Q1deEVWs2sIRW1bYGU77rNW-sm2nirTVd44ZH6UpYP8FE7BwKQ:1tvzro:rGAQ6L8Hu-dIw9lqTGcGH5MI5cq_vi9pJfo3mJtbeAI", "expire_date": "2025-04-05T14:30:28.694Z"}}, {"model": "sessions.session", "pk": "qbe2s4lp61313761wuxby7j2fdjb5pgn", "fields": {"session_data": ".eJxVj01uhDAMhe_iNUVx4pjArr1GVaEQMgINQyoSukHcvYHSBTvr_Xx63iAGN9rJOhfWObUx2eQjNNtewL9m1zT4OY3OpjHM7cunIfQ587nB3w3NnQK5m6DBimRFTFqWhLUQWMD3En7G3i-58bLL06c3ItRIubGOBwexEmyIKpRKK8FKEmnYvwo4Z7Rr9Et7JhluWmfd08-HYafpkMtrTHlmLjuW77dnPq7WDTXYOBwcrdEax9oySkL1ULWXWtcsO-E0G5bYE-d9xihfm66XIm_1vWPGR0UC9l-oxG_g:1twNxk:nvK7pcuuQuXGu47vBxPLYzd1YONe5PjIK4QSSiQND_Q", "expire_date": "2025-04-06T16:14:12.533Z"}}, {"model": "sessions.session", "pk": "rdxc7nn3mn43ymnvpd4i1e24zfg8n8we", "fields": {"session_data": "e30:1tGlMk:DpPIZo7X9t8lz7VRIpGLh4iuWR976Z8y35cRNeKvsOM", "expire_date": "2024-12-12T20:43:58.049Z"}}, {"model": "sessions.session", "pk": "rls7x7l8404w3g7o27yx419p4sbv1oq0", "fields": {"session_data": ".eJxVj0tuhDAQRO_Sa4Laf8MuuUY0Qo1tBBoGImxmg7h7DCELdq3XVaWqDeLsBhrJuXmdUhMTpRCh3vYC_hmtqQ9TGhylYZ6aV0j97LPme4O_G-p7CmRvgpoZwS0zFm3JkSuBrICfZX4PPizZ8qLlGdKHlEwxmS3rcAQx1BKVkgy5lBalMrISsD8KOHs0awxLcyoF3FhL7hmm40HjeODyalOemusdy8_bmq_LdYvqKfY5x3CrvXaWHTOE7kzFKoXOCGKWOEmhfFt5rAw6pW0GgZN3nVZCouhaC_sv_Exwng:1tGj4K:ER-lnqp-GXaxrz3VwVDj--CsXec6xwbgmSHcRpjV2XE", "expire_date": "2024-12-12T18:16:48.699Z"}}, {"model": "sessions.session", "pk": "rmbgvk96k6py57i14q8k1ed7jij2e6au", "fields": {"session_data": ".eJw1y9EKwiAUANB_uc-jlZvY_IZBTz1EhDh3azZR0WsUY__eCHo-nAVyMFY7bUwonlQmTZhBLsCG5tw_p0I8stOlH0BeF4gpGMybgwsP66GCUZMG6YtzFcTZoDJhRPXCZO8W0188vmlLtS401T_8qJI3X6uDaPletB3rds2Rcy7YbV2_0H4zKw:1u69hp:y8454DWDlfNqFgwcD8pLq5Srn2RLphsaxjmBklrx3rw", "expire_date": "2025-05-03T15:02:09.396Z"}}, {"model": "sessions.session", "pk": "ropqtocsu1h87w2hyv0snz9gdmt7a03p", "fields": {"session_data": ".eJxVjDsOwjAQBe_iGlmxvbYTSnrOYO0PEkCJFCcV4u7IUgpo38y8tym4b2PZq65lEnM2zpx-N0J-6tyAPHC-L5aXeVsnsk2xB632uoi-Lof7dzBiHVudMxCoEPjBRZ_ZYYLokg834Y6VKWjnFcBzQNdT8ENKSAjQZ4mDmM8X3m03wg:1u6aaq:ZZW9bty2SrxiujEjI13KgiTCoj0L_gxtUmi9vhKyvus", "expire_date": "2025-05-04T19:44:44.523Z"}}, {"model": "sessions.session", "pk": "rytmq721uqbcup8g96sxcwoinsnw5per", "fields": {"session_data": ".eJxVjDsOwjAQBe_iGlmxvbYTSnrOYO0PEkCJFCcV4u7IUgpo38y8tym4b2PZq65lEnM2zpx-N0J-6tyAPHC-L5aXeVsnsk2xB632uoi-Lof7dzBiHVudMxCoEPjBRZ_ZYYLokg834Y6VKWjnFcBzQNdT8ENKSAjQZ4mDmM8X3m03wg:1u6Znu:FfhdkvrlTUGamJzM0XuQIkXWobgPOhIpD4poOzrkMwI", "expire_date": "2025-05-04T18:54:10.696Z"}}, {"model": "sessions.session", "pk": "szybfnb5jji3ly1uh21ij8lt435tkvty", "fields": {"session_data": ".eJxVj8FuhDAMRP_FZ4oSYhLCrf2NaoUcJwi0LFQk7AXx7wVKD5xsjWeexivEiXsaiHlaxtTERClEqNctg3-NltSFMfVMqZ_G5hVSN_nd873C3w71nQJ7NkEtDcrKSl2J_BjGyAx-5und-zDvkRfNz5A-EGUpcY8s_QGSQqMoS5SiQKwElgatgu2RwdmjWWKYm9Op4KY54mcYjwMNwyHnV5v89FznmH_evvm6UjdUR7HbOd6wl65Eb5As2tYrFm1hnA3eBq3Yt96rQlDlmDUaCk6js8bbtiiMYg3bL3lrctY:1tsnb7:l1EyaFOFk1tsLUEt0v4Eg35VLeMg2YhdQJVGJQuDdHc", "expire_date": "2025-03-27T18:48:01.029Z"}}, {"model": "sessions.session", "pk": "trplsk3uu4yocb0qrptp1sgmjx1dtnml", "fields": {"session_data": "e30:1tGlJj:zU4-uE0GyCm7Z-lrEA4S0_AJgtO3PTneKxNEOz9tSSU", "expire_date": "2024-12-12T20:40:51.176Z"}}, {"model": "sessions.session", "pk": "u2q5togwbnlgtjin0yruxnreuybdwvdh", "fields": {"session_data": ".eJxVj0tuhDAQRO_Sa4L8adtjdsk1ogi1Pwg0DETYZIO4ewwhC3atqnql6g3S7Acayft5nXKbMuWYoNn2Cv41WnMfpzx4ysM8ta-Y-zmUzOcGfzc09xYobIaGGxSoDEdRG4VK6gq-l_lnCHEpxIuWZ8xviFxxLMQ6HD2caWRKIWcC8cEKjlbC_lXBOaNdU1zaMynhpjnyzzgdBo3jIdfXmPrMXHaq32_PfFzUraqn1JeeYHzgTmEwSBZtF6RnnTDOxmCjlj50IUjB6OG812goOo3OmmA7IYz0GvZfFd9ylQ:1tvAhS:UIUe5RRyxo2gYFwarBB-NPjrR1B7GxGwpl8Frq2QX0A", "expire_date": "2025-04-03T07:52:22.953Z"}}, {"model": "sessions.session", "pk": "u89kct5pr58o08m9k0xs3l0xydg6jtkg", "fields": {"session_data": ".eJxVj0tuhDAQRO_Sa4L8aduYXXKNaITaHwQaBiJsZoO4e4CQBbtWVb1S9Qpp8j0N5P20jLlJmXJMUK9bAf8aLbmLY-495X4am1fM3RT2zPcKfzfU9xbY2Qw1N8itkpWwZaU1E0wU8DNP7z7EeUdeND9j_kDkiuOOLP1RxJlGphRyJhArhsqglbA9Cjh3NEuKc3MmJdw0R_4Zx8OgYTjk8lpTnpnLTuXn7Zuvi7pVdZS6vScYH7hTGAySRdsG6VkrjLMx2KilD20IUjCqnPcaDUWn0VkTbCuEkV7D9gtvC3LL:1tt3lV:HJuz0FFlbhqXqAdIDwhWz27iHB-oJRbYmUNRonW445Q", "expire_date": "2025-03-28T12:03:49.959Z"}}, {"model": "sessions.session", "pk": "un4n8cnfvubykz0upiyb53i9fy9x7m98", "fields": {"session_data": ".eJxVj01uhTAMhO_iNUX5MQl5u_YaVYUcJwj0eFCR0A3i7gVKF-ysmflG4xXSxD0NxDwtY25SphwTPNatgH-NltzFMfdMuZ_G5hVzN4U987nC3w2PewvsbIaHtKjQSoGmrKU2Ek0B3_P004c478iL5mfMb4iykrgjS38USWFQVBVKoRBrgZVFp2H7KuDc0Swpzs2Z1HDTPPEzjodBw3DI5bWmPDOXncr32zcfF3Wr6ih1e0-wHKSvMFgkh64NmkWrrHcxuGg0hzYErQTVntmgpegNemeDa5Wymg1sv2brcsM:1tvEJi:UQhfbm_pi97NbBc87kbAUiCC9RJE6uCgAN9eZ_rb4fU", "expire_date": "2025-04-03T11:44:06.989Z"}}, {"model": "sessions.session", "pk": "uoqm2678tkv8z2qa5raii7ahaqhnjz0x", "fields": {"session_data": ".eJxVj8tuhTAMRP_Fa4rycF7s2t-oKmSSINDlQkVCN4h_by6lCxaWrPGc0XiHtPiRJvJ-2ebcpkw5Jmj2o4J_jbY8xDmPnvK4zO0z5mEJxfO5w98OzT0FCpuh4UZyzYxgvNYKrXCygu91-RlDXAvypPUR8xsiVxwLso2vIM40MqWQM4FoGSqDTsLxVcHZo91SXNvTKeGmdeQfcX4daJpecn21qU_PdU71--2bj4u6RQ2UhpJjhNVBe8ulKKN747hTzBtJ3JIglCp0LjBnmFfaFiEKCr7XSiKTfWfh-AUCk3Cl:1tBe8Q:UewYFu7tEWLTPICB-WVneezbiyRR2Fl8Av_eW2vKG_c", "expire_date": "2024-11-28T18:00:02.425Z"}}, {"model": "sessions.session", "pk": "v6ypssxlxrog063pxncy1tur6ulapi1z", "fields": {"session_data": ".eJxVjDsOwjAQBe_iGlmRvV5vKOk5g7XrDw4gR4qTCnF3iJQC2jcz76UCb2sNW89LmJI6q1Gdfjfh-MhtB-nO7TbrOLd1mUTvij5o19c55eflcP8OKvf6rcVAIbHIKIa5mCQIA0QG4wd0mcYCEY0n74QTWmedk0hcIDsCjqTeH--yOA0:1u2PLG:UI0Rb_5zHMbRs_lvssGp_mbpYwuODaoVugEHAlVTAVI", "expire_date": "2025-04-23T06:55:22.810Z"}}, {"model": "sessions.session", "pk": "venrgbnpjvz58dw2k7jo3rikkmm5n36i", "fields": {"session_data": "e30:1tI29M:8mLsdZ7UKmgo4OFMkqhlQhvF4-QXIFX02rHmkTduGgM", "expire_date": "2024-12-16T08:51:24.755Z"}}, {"model": "sessions.session", "pk": "wa0ttghyjcobryftkvnlanlps45kuklw", "fields": {"session_data": ".eJxVj01uhTAMhO_iNUVxfkxg116jqpAJeQI9HqlI6AZx9wZKF-ys8cynmQ1icCNP7FxY59TGxMlHaLa9gH-N1zT4OY2O0xjm9uXTEPrs-dzg74bmToGcTdBgpSUqSbYqlSEr0BTwvYSfsfdLjrx4efr0pjUa1DmyjgcIsRJkta5QKqMEKam1gf2rgLNHu0a_tKeT4KZ17J5-Ph48TYdcXm3K03O9Y_l-W_NxpW6ogeNwcIxBto4ME0qN6qFqL42pSXbC5UEksdeU-1mrfG27Xorc1feOCB-VFrD_AgcXcBw:1ttoIJ:pQe44-GmQuWw9mKqjgRgEOPQYx6811IOjRVoi8m0N0c", "expire_date": "2025-03-30T13:44:47.687Z"}}, {"model": "sessions.session", "pk": "woyjnaeff8g1gaff4gax95iwium4dea1", "fields": {"session_data": "e30:1tpwBG:HATE95ZLy9qD9FmAMeYXHOv44YcwVJz2ewtKWPKC9Gs", "expire_date": "2025-03-19T21:21:30.495Z"}}, {"model": "sessions.session", "pk": "x3oilog934qogbiauy4xe4vsdei8xqqj", "fields": {"session_data": ".eJxVjMsOwiAQRf-FtSG8B1y67zcQZkCpGkhKuzL-uzbpQrf3nHNfLKZtrXEbZYlzZmfm2Ol3w0SP0naQ76ndOqfe1mVGviv8oINPPZfn5XD_Dmoa9Vtrc7WEFmQWtiB6oYKSjowSXgXnPIUEsuQkNBmJIMEZ1JQ1YDBYANj7A8smN0M:1u7JHv:5TxoSSnzxF8LkntR_ZeVgnF7-vntWseE5Z690COCaSo", "expire_date": "2025-05-06T19:28:11.027Z"}}, {"model": "sessions.session", "pk": "xbuddlo4hbxnlmxchmz1f4426ejgxtnm", "fields": {"session_data": "e30:1tpwCx:Sgl-vgHwEpkdQAsgcPbotPHuYFLkeloihQzHnbhL_R8", "expire_date": "2025-03-19T21:23:15.065Z"}}, {"model": "sessions.session", "pk": "xxz77jxf5806jirwg8bnkbychhnjw923", "fields": {"session_data": ".eJw1y8EKAiEQANB_mbPUmrSW92AjokPHCJHZqSRTUTcK8d_bS-fHq5ADWuMMYph80bmYQhlUBRHPR_fd7w4Pvx2G1wnUpUJMASnPDi7crQcGoykGlJ-cYxCfSBrDSPpNyd4spb94-pQ5LaExLgXvO85XYtGtuezl5traD5OyLIs:1tBcYN:qRLmNNtZNruAFV5QnvGXjymgyGPF4b1tCslyTTIjNYg", "expire_date": "2024-11-28T16:18:43.054Z"}}, {"model": "sessions.session", "pk": "yssaxup4x9d3c1v461hj4f8otm5gl978", "fields": {"session_data": ".eJxVjEEOwiAQRe_C2pDiMARcuvcMZGAYqRqalHbVeHdt0oVu_3vvbyrSutS49jLHkdVFGXX63RLlZ2k74Ae1-6Tz1JZ5THpX9EG7vk1cXtfD_Tuo1Ou3BjbMIueBMQlZKyEDO5csORB2QYAtDmCSB_QYQDxiyAXBkzXZGvX-AP7cN98:1tAVd9:QRgOu-qBInKARky-k-wUGrJCwj164e1Jd074q1ORhrQ", "expire_date": "2024-11-25T14:43:03.638Z"}}, {"model": "sites.site", "pk": 2, "fields": {"domain": "http://127.0.0.1:8000", "name": "http://127.0.0.1:8000"}}, {"model": "sites.site", "pk": 3, "fields": {"domain": "onecartdiscovery.com", "name": "https://onecartdiscovery.com"}}, {"model": "account.emailaddress", "pk": 1, "fields": {"user": 3, "email": "sixskies25@gmail.com", "verified": true, "primary": true}}, {"model": "account.emailaddress", "pk": 2, "fields": {"user": 6, "email": "221649921@edu.vut.ac.za", "verified": true, "primary": true}}, {"model": "account.emailaddress", "pk": 3, "fields": {"user": 11, "email": "nembilwinm067@gmail.com", "verified": true, "primary": true}}, {"model": "socialaccount.socialapp", "pk": 1, "fields": {"provider": "google", "provider_id": "market-441514", "name": "google", "client_id": "908487001922-it6ha3333bn3c5nm1jqlqg6nffdfmtpn.apps.googleusercontent.com", "secret": "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", "key": "", "settings": {}, "sites": [2, 3]}}, {"model": "socialaccount.socialaccount", "pk": 1, "fields": {"user": 3, "provider": "market-441514", "uid": "106405541024480457493", "last_login": "2025-03-23T17:30:37.351Z", "date_joined": "2024-11-14T16:16:56.707Z", "extra_data": {"aud": "908487001922-it6ha3333bn3c5nm1jqlqg6nffdfmtpn.apps.googleusercontent.com", "azp": "908487001922-it6ha3333bn3c5nm1jqlqg6nffdfmtpn.apps.googleusercontent.com", "exp": 1742754637, "iat": 1742751037, "iss": "https://accounts.google.com", "sub": "106405541024480457493", "name": "Six Skies", "email": "sixskies25@gmail.com", "at_hash": "7_fXJtx4J1BqYPoLYDCNQA", "picture": "https://lh3.googleusercontent.com/a/ACg8ocK3SWAqLFfEpjF4qwHQWI4WQdo74q5FcNM4zxb5oMkJGb9Xdg=s96-c", "given_name": "Six", "family_name": "Skies", "email_verified": true}}}, {"model": "socialaccount.socialaccount", "pk": 2, "fields": {"user": 6, "provider": "market-441514", "uid": "117068447123530632445", "last_login": "2025-10-23T14:54:46.103Z", "date_joined": "2024-12-02T16:13:29.804Z", "extra_data": {"hd": "edu.vut.ac.za", "aud": "908487001922-it6ha3333bn3c5nm1jqlqg6nffdfmtpn.apps.googleusercontent.com", "azp": "908487001922-it6ha3333bn3c5nm1jqlqg6nffdfmtpn.apps.googleusercontent.com", "exp": 1761234885, "iat": 1761231285, "iss": "https://accounts.google.com", "sub": "117068447123530632445", "name": "ADIVHAHO  NENGOVHELA", "email": "221649921@edu.vut.ac.za", "at_hash": "czG1Q6C3nPiONI0e0jqsiQ", "picture": "https://lh3.googleusercontent.com/a/ACg8ocK1imZuhJX8Ei2tOUTL1YGUkALbpHCquBVoOvget9NluhFcyw=s96-c", "given_name": "Adivhaho", "family_name": "Nengovhela", "email_verified": true}}}, {"model": "socialaccount.socialaccount", "pk": 3, "fields": {"user": 11, "provider": "market-441514", "uid": "108514517026075789396", "last_login": "2025-05-27T18:03:31.159Z", "date_joined": "2025-05-27T18:03:31.159Z", "extra_data": {"aud": "908487001922-it6ha3333bn3c5nm1jqlqg6nffdfmtpn.apps.googleusercontent.com", "azp": "908487001922-it6ha3333bn3c5nm1jqlqg6nffdfmtpn.apps.googleusercontent.com", "exp": 1748372610, "iat": 1748369010, "iss": "https://accounts.google.com", "sub": "108514517026075789396", "name": "NDIVHUWO NEMBILWI", "email": "nembilwinm067@gmail.com", "at_hash": "0_jbaWAiqbd6cK1ppnrOXQ", "picture": "https://lh3.googleusercontent.com/a/ACg8ocKmeuyokW3wBWODsZG0hYIP3l_EW3MFkMJlRFToEKrK2If9EA=s96-c", "given_name": "NDIVHUWO", "family_name": "NEMBILWI", "email_verified": true}}}]


